state_name,data_year,total_incidents,white_victims,black_victims,nat_amer_victims,asian_victims,hispanic_victims,other_race_victims,victims_age_18_29,victims_age_30_39,victims_age_40_49,victims_age_50_59,victims_age_60_69,victims_age_70_79,victims_age_80_plus,involving_firearm,sex_assaults,victim_offender_nonmarried_partner,victim_offender_rel_spouse,dv_total,firearm_nonmarried,near_school,on_tribal_lands,fem_pop,white_pop,black_pop,nat_amer_pop,asian_pop,hispanic_pop,other_race_pop,diversity_index,%_fem_age_18-29,%_fem_age_30-39,%_fem_age_40-49,fem_age_50-59,fem_age_60-69,fem_age_70-79,fem_age_80+,age_coef_variation,fem_poverty_rate,male_poverty_rate,poverty_gender_disparity_score,fem_labor_force_part,all_labor_force_part,labor_force_ratio,unemployment_rate,mhhi,%_at_least_bach_degree,%_at_least_high_school,avg_years_schooling,gun_deaths_per_100k,white_adj_rate,black_adj_rate,nat_amer_adj_rate,asian_adj_rate,hispanic_adj_rate
Alabama,2021,36000,14280,18897,31,105,645,2687,13768,10321,6369,3284,1575,535,148,4368,941,8345,3490,18612,438,248,1,2038178.8,0.641532918,0.257599144,0.003179046,0.013483861,0.04711107,0.037093961,0.51829086,0.189434215,0.159842699,0.156970527,0.161622229,0.166411308,0.1084581,0.057260923,0.527954329,0.179,0.142,1.26056338,0.530470521,0.577143878,0.919130464,0.053,53913,0.274328873,0.879327181,13.24817426,23.6,1092.111504,3599.201553,478.434624,382.0610388,671.7295697
Alabama,2022,41324,19377,20821,63,134,1203,929,14989,11696,7437,4173,2039,762,228,3689,850,9164,4091,19099,344,457,0,2065313.2,0.640518803,0.255503424,0.002501628,0.01511185,0.048573635,0.037790661,0.520431505,0.190983237,0.161319358,0.154198404,0.158653903,0.165791319,0.112951876,0.056101903,0.496688543,0.178,0.145,1.227586207,0.537873136,0.585824454,0.918147292,0.043,59674,0.288003709,0.887969636,13.34770948,26.4,1464.767634,3945.653457,1219.359874,429.3398928,1199.165434
Alabama,2023,42442,20366,21021,80,132,1391,843,14981,11932,7887,4269,2232,847,294,3526,771,9339,4273,19614,357,497,0,2075164,0.633376778,0.253280631,0.002564565,0.015045607,0.05694584,0.038786579,0.529702605,0.190222074,0.161194971,0.156520641,0.15391651,0.167483148,0.113004081,0.057658575,0.510234454,0.172,0.138,1.246376812,0.54278196,0.58569905,0.926725014,0.04,62212,0.288896694,0.891424526,13.3563246,25.9,1549.498565,3999.437995,1503.224521,422.7774286,1177.098217
Alabama,2024,43856,20713,22048,56,156,1599,883,15468,12068,8064,4407,2478,1029,342,3464,737,9933,4380,20716,346,553,4,2098998.2,0.628008149,0.250834335,0.003163814,0.01518875,0.059516075,0.043288877,0.537031104,0.197255952,0.166693806,0.157388443,0.156566298,0.161072034,0.109787686,0.051235781,0.46668058,0.173,0.129,1.341085271,0.543484231,0.5920681,0.917942093,0.042,53913,0.298535816,0.895500388,13.42296164,25.6,1571.323696,4187.647818,843.2668295,489.3172185,1279.976851
Alaska,2021,3443,1204,40,2094,29,23,76,1212,1078,614,347,135,49,8,169,338,1086,341,1957,31,14,2,263199.8,0.578900819,0.028778186,0.134611211,0.063617739,0.071370175,0.122721869,0.621723903,0.218806639,0.203815498,0.159917947,0.154560343,0.158451674,0.077781314,0.026666585,0.342840499,0.107,0.103,1.038834951,0.619996837,0.659223338,0.940495885,0.07,77845,0.327906311,0.933117735,13.69826608,23.5,790.1995318,528.0937422,5910.304972,173.1945465,122.4406198
Alaska,2022,3239,1124,60,1973,40,28,42,1131,1044,541,324,155,36,8,152,287,1037,355,1870,33,19,1,262847.2,0.574037294,0.028168592,0.127175793,0.061213251,0.077006964,0.132398106,0.62630764,0.22211977,0.205674134,0.15921498,0.153619645,0.152790177,0.078309658,0.028271635,0.361023604,0.118,0.103,1.145631068,0.619273692,0.670377161,0.923769078,0.046,88121,0.305888173,0.933221999,13.61465032,25.2,744.942664,810.3688821,5902.272765,248.6057625,138.332643
Alaska,2023,3573,1293,57,2117,56,28,50,1306,1094,590,348,187,43,5,191,257,1195,326,2032,42,26,0,266175,0.576598773,0.027646351,0.1301871,0.058506475,0.074801679,0.132259622,0.623309947,0.218492172,0.203883616,0.167707929,0.14305265,0.148721083,0.089367367,0.028775184,0.321987597,0.108,0.102,1.058823529,0.625804659,0.668194834,0.936560157,0.048,86631,0.32235185,0.932250371,13.64164635,22.7,842.4760204,774.5862357,6109.218277,359.5976389,140.6304681
Alaska,2024,4126,1291,81,2632,45,29,77,1461,1221,792,369,214,46,23,197,245,1369,383,2402,46,26,0,266430.4,0.570046194,0.024053785,0.134605537,0.059200171,0.077322589,0.134771723,0.628703241,0.215846929,0.209412446,0.164405261,0.132345662,0.151542288,0.094144553,0.032302862,0.343119816,0.106,0.096,1.104166667,0.620506026,0.666443149,0.931071205,0.06,95665,0.327545971,0.934062226,13.7730738,23.5,850.0264018,1263.914852,7339.038791,285.3026304,140.7692621
Arizona,2021,19868,14131,1667,3468,151,4156,451,7373,5580,3337,2160,910,351,157,1013,1213,4876,1933,9781,129,163,770,2854606.6,0.520081178,0.042905916,0.033144932,0.03273401,0.323120106,0.048013858,0.618792615,0.209143276,0.170917321,0.152691197,0.150968925,0.153120749,0.112899496,0.050259037,0.445166175,0.137,0.118,1.161016949,0.554416267,0.605643378,0.915417038,0.058,69056,0.324294113,0.889692723,13.47792491,16.7,951.821464,1361.043971,3665.352023,161.5963217,450.5731318
Arizona,2022,26152,18330,2871,4069,286,5879,596,9700,7493,4476,2550,1294,474,165,1351,1565,6153,2447,12462,154,298,807,2904609.8,0.51834283,0.043817145,0.032841627,0.034925006,0.324562585,0.045510808,0.619690335,0.2122296,0.169802172,0.151848471,0.14753241,0.151066143,0.114821379,0.052699825,0.458972235,0.134,0.115,1.165217391,0.555264798,0.607155336,0.914534989,0.043,74568,0.329689832,0.891514579,13.48063501,18.3,1217.468045,2255.803766,4265.551868,281.9302948,623.615941
Arizona,2023,28391,20589,3232,3609,287,7081,674,10564,8030,4809,2745,1449,562,232,1493,1179,6612,2639,13369,151,349,620,2949989.6,0.522727787,0.045070178,0.031408989,0.034887498,0.315798596,0.050106952,0.620281218,0.206063775,0.170243796,0.152443204,0.145473139,0.152426791,0.117914455,0.05543484,0.470127603,0.134,0.115,1.165217391,0.561719311,0.607494261,0.924649577,0.043,77315,0.335151626,0.893759609,13.51393135,20.5,1335.178043,2430.869216,3895.044643,278.8634444,760.0880674
Arizona,2024,36320,26171,4186,4185,388,10013,1390,13404,10313,6352,3458,1836,732,225,1845,1313,8050,3162,16352,186,498,957,3021654.2,0.511989105,0.044349772,0.031408989,0.038174933,0.321226279,0.053218618,0.627460823,0.207344008,0.170603074,0.153489015,0.141121861,0.153059632,0.117844083,0.056538326,0.47977229,0.124,0.11,1.127272727,0.564259187,0.613958526,0.919050983,0.046,81486,0.347343035,0.897350407,13.60646239,18.5,1691.666839,3123.655068,4409.575094,336.3633585,1031.593002
Arkansas,2021,29611,16568,12463,62,128,1281,390,12011,8542,4926,2447,1164,356,165,3365,1231,7003,2358,12142,403,146,0,1190439.4,0.682223186,0.147319252,0.00366074,0.038174933,0.081840688,0.070881601,0.500934969,0.201500869,0.171332257,0.155953297,0.162523661,0.154307044,0.106413614,0.047969258,0.450781209,0.178,0.148,1.202702703,0.543383706,0.585688774,0.927768689,0.055,52528,0.252744799,0.88669438,13.0814658,22.6,2040.028893,7106.50061,1422.707145,281.6594934,1314.838965
Arkansas,2022,28329,16124,11652,54,91,1356,408,11081,8009,4977,2539,1205,365,153,2856,1193,6310,2259,11352,340,300,0,1201257.8,0.674710085,0.143036416,0.004163333,0.014074532,0.083862916,0.078600963,0.51083427,0.203744684,0.164980225,0.159817875,0.156921236,0.159103081,0.104942676,0.050490223,0.481121934,0.185,0.15,1.233333333,0.5299629,0.577713322,0.917345819,0.045,55432,0.254082865,0.89141019,13.13179424,23.3,1989.387419,6781.373044,1079.733038,538.2340996,1346.026189
Arkansas,2023,27226,15374,11418,52,84,1548,298,10351,7744,4821,2481,1276,406,147,2694,1007,6116,2009,10696,271,295,1,1214424,0.671131637,0.143108329,0.003787815,0.016415058,0.091239717,0.074317444,0.514970762,0.203033067,0.167283514,0.161864125,0.150648202,0.160366106,0.105229567,0.05157542,0.490122892,0.172,0.14,1.228571429,0.54250288,0.587512175,0.923390021,0.042,58700,0.261767811,0.892506883,13.17796044,22.1,1886.291569,6569.839903,1130.431479,421.3728243,1397.065234
Arkansas,2024,28021,15672,11811,49,88,1708,401,10804,7812,4966,2465,1393,427,154,2519,1038,5794,2094,10693,281,324,1,1228277.8,0.665682755,0.140563226,0.004256313,0.016415058,0.095413609,0.076412549,0.521835415,0.202291246,0.166981152,0.162246508,0.149317064,0.156868552,0.111159068,0.051136411,0.460029144,0.169,0.141,1.19858156,0.548193368,0.589848236,0.929380363,0.038,62106,0.271173172,0.892940291,13.21279953,21.9,1916.728119,6840.980479,937.2725976,436.4591958,1457.4073
California,2021,15660,12270,2186,100,698,6192,406,5793,4381,2628,1618,800,303,137,521,1271,165,91,308,3,20,6,15340103.8,0.342571262,0.052782192,0.002448377,0.149666128,0.401515721,0.05101632,0.693635487,0.209675884,0.190152255,0.165785883,0.162289132,0.140450044,0.087057963,0.044588839,0.512174161,0.133,0.113,1.17699115,0.577879806,0.633556348,0.912120615,0.083,84907,0.361867871,0.844485345,13.22193646,8.5,233.4884149,269.9817681,266.2523261,30.40210125,100.5310214
California,2022,88047,67348,11930,565,4467,32267,3737,31615,25538,15132,9002,4386,1724,650,3852,5785,19382,8141,33922,242,1346,22,15347122.8,0.33719313,0.051889627,0.002639809,0.152650972,0.403086068,0.052540394,0.6950601,0.210337505,0.188396274,0.164862697,0.158273272,0.141296305,0.089931985,0.046901961,0.521527027,0.132,0.112,1.178571429,0.583538081,0.639379923,0.912662504,0.053,91551,0.361867871,0.844485345,13.22193646,9,1301.424617,1498.072827,1394.597796,190.6730925,521.5954967
California,2023,136951,104009,19690,819,6957,52583,5476,48592,40274,24228,13192,6810,2674,1181,5422,5736,32038,13659,56155,312,2007,20,15400517.8,0.332672419,0.051451869,0.002631785,0.155080099,0.404474758,0.053689071,0.696142658,0.204818,0.19002572,0.164980917,0.156811987,0.143217181,0.092200973,0.047945223,0.520007773,0.13,0.11,1.181818182,0.589590145,0.642678049,0.917395804,0.055,95521,0.374877886,0.848191054,13.3015895,8.7,2030.106406,2484.901841,2020.682924,291.2933772,844.1480338
California,2024,172489,129284,26548,1043,8754,58515,6860,60888,49911,30966,16679,8939,3528,1578,6087,7778,40629,16624,70356,398,2269,22,15640336,0.325686017,0.050932226,0.002683505,0.158343292,0.40752471,0.05483025,0.697171982,0.204342694,0.188720401,0.167323138,0.153261036,0.142366308,0.09531646,0.048669964,0.510614475,0.128,0.108,1.185185185,0.590277625,0.642053735,0.919358603,0.059,100149,0.38123649,0.848480966,13.31538306,8,2538.046583,3332.675837,2485.053946,353.4767016,918.051794
Colorado,2021,35158,28521,4688,477,441,8759,1031,14099,10127,5660,2997,1357,536,382,3268,3012,8930,3892,15709,261,226,4,2264411.2,0.651793019,0.037407677,0.003284717,0.031140374,0.222504929,0.053869285,0.520375671,0.210887622,0.198544562,0.167074747,0.151440645,0.147218649,0.086072497,0.038761278,0.450332911,0.106,0.088,1.204545455,0.630102304,0.680595328,0.925810504,0.053,82254,0.444154096,0.924342178,14.15364764,15.4,1932.412107,5534.413056,6413.057393,625.4022955,1738.439559
Colorado,2022,35291,28708,4607,385,451,9380,1140,13463,10531,5836,3092,1370,639,360,4134,2866,8260,4090,15249,288,300,1,2286877,0.649540765,0.037801164,0.004005017,0.031277451,0.225167579,0.052208025,0.522247431,0.21367563,0.197100041,0.166653968,0.147029645,0.144710744,0.090801013,0.04002896,0.44084266,0.102,0.087,1.172413793,0.638887298,0.688600652,0.927805247,0.035,89302,0.459140589,0.930321322,14.24557958,17.8,1932.652258,5329.300785,4203.524267,630.5251046,1821.604848
Colorado,2023,34686,28194,4528,330,450,10366,1184,13403,10047,5840,2919,1486,620,371,3541,2023,8286,3846,15149,247,308,3,2309271,0.644707117,0.036866856,0.003299641,0.03280449,0.227358399,0.054963497,0.527193718,0.20990857,0.200728963,0.165871323,0.144471641,0.144452138,0.095004059,0.039563307,0.416438066,0.101,0.086,1.174418605,0.647334628,0.68967801,0.938604128,0.038,92911,0.464328872,0.93280877,14.28808405,17.3,1893.735538,5318.576544,4330.84207,594.0244512,1974.355257
Colorado,2024,35518,28780,4475,311,481,11265,1471,13831,10368,6031,2774,1454,668,392,3621,2135,7940,4140,15142,228,327,4,2355600,0.6360985,0.039544312,0.003777763,0.034078591,0.232135861,0.054364973,0.535796715,0.208459602,0.20119639,0.168590989,0.139882401,0.142775582,0.096983141,0.042111896,0.434218726,0.105,0.087,1.206896552,0.638019203,0.687082526,0.928591804,0.043,97113,0.47766377,0.931635767,14.33158849,16.6,1920.7236,4804.04946,3494.814546,599.1863352,2060.095786
Connecticut,2021,12971,8534,3811,50,103,3746,473,5334,3752,2052,1210,430,126,67,271,789,3706,1038,6064,20,84,1,1477512.2,0.627463358,0.098528205,0.001004272,0.04715197,0.176701112,0.049151084,0.560718499,0.195530461,0.159131621,0.151342222,0.176373532,0.165153092,0.097802943,0.054666128,0.558941548,0.108,0.094,1.14893617,0.61400919,0.656328816,0.935520695,0.067,83771,0.421275691,0.911145386,13.95923454,6,920.5199253,2617.865335,3369.671575,147.8448861,1434.819977
Connecticut,2022,12861,8435,3749,44,92,4231,541,5226,3834,2012,1110,462,160,57,270,704,3561,1036,6016,29,134,0,1488667.8,0.619632095,0.097615275,0.000945341,0.047688699,0.181726626,0.052391963,0.568482735,0.194913343,0.162147446,0.150781876,0.172545563,0.162091331,0.102880014,0.054640427,0.531108275,0.11,0.086,1.279069767,0.612741381,0.656746879,0.932994736,0.047,88429,0.418988303,0.915120219,13.97468085,6.7,914.4361521,2579.882126,3126.557268,129.5909155,1563.963695
Connecticut,2023,12552,8271,3599,65,88,4371,529,5054,3680,2021,1107,511,132,47,193,430,3139,1066,5625,33,161,1,1485456.8,0.613575618,0.099330251,0.000847623,0.04815497,0.186125585,0.051965954,0.573995649,0.189893245,0.159773858,0.154848551,0.164710588,0.167719363,0.106179866,0.056874529,0.535643254,0.113,0.093,1.215053763,0.627779867,0.663927105,0.945555411,0.046,91665,0.429042369,0.917570145,14.08299237,7,907.4650364,2439.15999,5162.387468,123.0216448,1580.937513
Connecticut,2024,12351,8229,3638,65,80,4200,339,4656,3660,2198,1111,528,141,57,177,407,3065,994,5520,21,194,1,1513171.4,0.604347293,0.099394324,0.001022022,0.047057076,0.192324552,0.055854734,0.582561221,0.192462258,0.163966192,0.153167531,0.160218927,0.164976835,0.106424423,0.058783834,0.552352853,0.116,0.088,1.318181818,0.622272913,0.661061185,0.941324234,0.049,96049,0.425653614,0.918125825,14.04507617,6.2,899.8546329,2418.872551,4203.054176,112.3509955,1443.199723
Delaware,2021,9686,4960,4576,8,64,714,78,3913,2851,1434,959,375,109,45,701,234,1745,526,3231,33,142,0,413238,0.593204596,0.204524888,0.002141752,0.040793953,0.10087165,0.058463161,0.591016113,0.181713289,0.160594831,0.145505181,0.162373047,0.18583744,0.112638407,0.051337805,0.455775316,0.13,0.101,1.287128713,0.570383694,0.60056253,0.949749053,0.056,71091,0.356195437,0.913562573,13.7598326,14.3,2023.377509,5414.266158,903.9003507,379.6504612,1712.887484
Delaware,2022,9499,4744,4616,4,60,734,75,3810,2590,1499,981,434,139,46,625,182,1577,544,3147,32,305,0,420799.6,0.588520575,0.216035805,0.001252951,0.040603066,0.103397892,0.05018971,0.592111753,0.181329673,0.160928506,0.143897668,0.155233847,0.182048674,0.122981411,0.053580221,0.435677392,0.1,0.087,1.149425287,0.588858694,0.627433517,0.938519665,0.043,82174,0.365150592,0.919999006,13.83235618,16.6,1915.612717,5077.673202,758.6659381,351.1697537,1686.976593
Delaware,2023,9545,4869,4509,9,66,781,92,3752,2539,1636,944,485,147,42,637,108,1549,554,3243,35,367,0,427381.4,0.580320577,0.217061896,0.001092171,0.042981326,0.111080638,0.047463392,0.599671892,0.177600139,0.159307411,0.145803368,0.154803215,0.179311953,0.126419084,0.05675483,0.448941945,0.115,0.094,1.223404255,0.587672236,0.622303034,0.944350588,0.035,81361,0.364632424,0.91384376,13.76675731,12.1,1963.162217,4860.500876,1928.129731,359.2927952,1645.117988
Delaware,2024,9975,4928,4826,10,75,830,136,3709,2656,1804,1019,574,150,63,658,103,1654,530,3465,31,296,0,436745.4,0.565857382,0.214091036,0.000789036,0.048112161,0.116751607,0.054398779,0.615064884,0.178799395,0.161900477,0.145409938,0.148013393,0.183519068,0.124502249,0.05785548,0.464694254,0.103,0.088,1.170454545,0.603366879,0.626051797,0.96376511,0.051,87534,0.359915684,0.91822673,13.7692695,12,1994.046923,5161.316534,2901.849215,356.9258972,1627.746934
District of Columbia,2021,4787,618,3860,3,62,349,244,2040,1345,697,470,184,41,10,233,255,630,117,1085,12,65,0,285426.6,0.364245952,0.426751735,0.000413402,0.040158197,0.114795911,0.053634803,0.667540198,0.24805887,0.249868092,0.147319836,0.120598431,0.110921687,0.081800365,0.041432719,0.411082938,0.183,0.145,1.262068966,0.681843254,0.70728737,0.964025774,0.082,90088,0.630468655,0.927855314,15.28501548,,594.4280528,3168.965893,2542.460633,540.907545,1065.134775
District of Columbia,2022,9892,1355,7880,10,120,701,527,4081,3018,1428,874,371,96,24,413,550,1440,259,2406,24,104,0,287230.8,0.367287732,0.416504541,0.001506394,0.040562486,0.117461518,0.05667733,0.672966577,0.255616041,0.240729755,0.152842244,0.114371439,0.115342784,0.074661213,0.046436524,0.414857699,0.141,0.125,1.128,0.701204019,0.717622012,0.97712167,0.051,101027,0.653701451,0.936658939,15.53924099,,1284.404637,6586.815047,2311.162142,1029.972606,2077.740958
District of Columbia,2023,10719,1461,8419,14,167,777,658,4283,3286,1594,915,502,111,28,515,232,1465,212,2517,28,130,0,291875.8,0.371463035,0.401645429,0.00098384,0.041204939,0.119972547,0.06473021,0.680413936,0.256591331,0.247718379,0.149104516,0.114038231,0.103643399,0.086087987,0.042816157,0.416518328,0.146,0.134,1.089552239,0.707815287,0.727739074,0.972622348,0.053,108210,0.659441853,0.927476451,15.47021343,,1347.52405,7181.573217,4875.346326,1388.57425,2218.91697
District of Columbia,2024,10386,1520,8104,10,131,831,621,3969,3472,1561,821,437,104,22,481,176,1466,196,2463,35,113,0,302464.2,0.362192951,0.407010324,0.001167675,0.049258811,0.125923816,0.054446422,0.681909848,0.256450846,0.24182366,0.163037477,0.110327106,0.102537755,0.080733522,0.045089634,0.415532924,0.18,0.166,1.084337349,0.698328958,0.712913127,0.979542854,0.056,109707,0.654649641,0.919528813,15.39492233,,1387.489214,6582.941996,2831.418332,879.2520559,2181.82126
Florida,2021,229,129,49,41,8,58,2,102,70,41,13,3,0,0,2,3,33,23,68,0,0,0,8980076.2,0.511444173,0.146288796,0.000934479,0.027804483,0.267704914,0.045823155,0.642484801,0.174516396,0.159076207,0.153285828,0.164137976,0.163452155,0.122390725,0.063140713,0.515894595,0.142,0.12,1.183333333,0.546389662,0.591454705,0.923806435,0.056,63062,0.331608016,0.897948829,13.49929172,13.7,2.808739446,3.729967027,488.5784289,3.204019429,2.412635026
Florida,2022,40588,22085,17671,128,224,7538,480,14809,11790,6897,4329,1983,584,196,2910,1109,4547,3388,12632,120,635,0,9199087.8,0.508406068,0.145697496,0.001011651,0.028037625,0.27085129,0.045995871,0.644032336,0.17718493,0.159772831,0.150017528,0.161319025,0.161523926,0.124509949,0.065671811,0.527442282,0.138,0.115,1.2,0.551057708,0.596214118,0.924261421,0.04,63062,0.342665022,0.899224498,13.5584697,14.1,472.2173223,1318.451853,1375.417325,86.84844193,302.5383687
Florida,2023,57997,33987,22901,164,339,11405,606,19938,16869,10568,6026,3161,1056,379,3808,1611,7585,5222,20017,194,931,2,9364557.6,0.50288655,0.143622368,0.001015845,0.029221132,0.274062938,0.049191167,0.648092562,0.17320823,0.161147864,0.151707297,0.156704957,0.165922099,0.125256776,0.066052776,0.527338944,0.132,0.115,1.147826087,0.557712667,0.600365081,0.928955872,0.041,73311,0.349162063,0.902477123,13.60817982,14.4,721.6980734,1702.727297,1723.967743,123.8840506,444.3832852
Florida,2024,72084,41803,28733,197,554,14060,797,24824,20626,13253,7316,4138,1417,510,4382,2067,10950,6515,26784,281,1186,4,9688355.6,0.490715921,0.142934463,0.001066651,0.030191832,0.286925651,0.048165482,0.653208697,0.174680053,0.16228818,0.154516346,0.154046006,0.162517894,0.1254413,0.066510222,0.53020992,0.131,0.11,1.190909091,0.565606756,0.607754925,0.930649399,0.046,77735,0.358363799,0.903588881,13.65031255,13.7,879.2800727,2074.884602,1906.311249,189.3957493,505.7849172
Georgia,2021,59471,21566,36613,114,454,2974,724,24462,16367,9773,5466,2308,814,281,6563,2706,13280,5391,25589,521,670,1,4296736.8,0.502263332,0.304058422,0.00171118,0.042780238,0.100330328,0.0488565,0.640993812,0.212988951,0.178008957,0.169584206,0.168168853,0.145211312,0.088578712,0.037459008,0.422889505,0.152,0.128,1.1875,0.593929351,0.6387771,0.92979124,0.055,66559,0.346278982,0.889708721,13.57012877,17.7,999.3080272,2802.460673,1550.495122,246.9868919,689.8743227
Georgia,2022,63546,23556,38561,115,562,4058,752,24688,18082,10656,6123,2715,960,322,7184,2971,12838,5938,26739,463,998,0,4366199.6,0.496263038,0.30690718,0.001092563,0.043907399,0.103786023,0.048043797,0.644522181,0.214953416,0.176468603,0.168234087,0.166913234,0.142257249,0.092164158,0.039009253,0.423258394,0.138,0.114,1.210526316,0.593929351,0.6387771,0.92979124,0.042,72837,0.346941353,0.895140039,13.59321026,20.3,1087.141389,2877.647898,2410.725523,293.1534564,895.5082408
Georgia,2023,62999,23086,38458,120,712,4863,623,23841,17922,10888,5955,3051,1014,328,6501,1723,12461,5874,26687,436,878,0,4418983.8,0.486579069,0.304532312,0.001373895,0.044903963,0.110848838,0.051761923,0.653515866,0.21068023,0.178800474,0.168321208,0.163465728,0.145278582,0.094332794,0.039120985,0.414712463,0.147,0.123,1.195121951,0.59612674,0.640994132,0.930003428,0.044,74632,0.354155861,0.893350791,13.59412558,20,1073.675044,2857.793907,1976.53857,358.816919,992.7747325
Georgia,2024,64387,23547,39365,126,680,5194,669,24487,18281,11078,5944,3144,1064,389,5951,1888,12642,5895,27086,395,919,0,4507434.6,0.480089936,0.302546097,0.001560879,0.048674711,0.116198388,0.05092999,0.65951192,0.208892464,0.179485556,0.168283572,0.159253985,0.146012116,0.095877395,0.042194913,0.440092396,0.136,0.115,1.182608696,0.607698386,0.644990318,0.942182184,0.047,79991,0.363102824,0.897803925,13.65330525,18.6,1088.136924,2886.617678,1790.902214,309.9389069,991.6819487
Hawaii,2021,4968,1256,265,9,737,128,2701,1666,1439,981,508,237,110,27,107,389,1242,490,2153,11,87,0,570588.4,0.207793956,0.01813669,0.000985049,0.364536025,0.111084365,0.297463916,0.722780732,0.187043807,0.176746981,0.152345526,0.154301331,0.156957958,0.116227683,0.056376715,0.485054101,0.116,0.108,1.074074074,0.59775674,0.633959287,0.942894523,0.077,84857,0.353024948,0.929321798,13.76180083,3.4,1059.336143,2560.736582,1601.259564,354.3268767,201.9454602
Hawaii,2022,5851,1593,163,5,898,182,3192,1785,1708,1239,685,305,95,34,101,535,1466,588,2532,5,145,0,571324.2,0.206872537,0.016443595,0.00127066,0.345873062,0.111167508,0.318372638,0.723584221,0.18465389,0.172380372,0.155052404,0.150349636,0.157949575,0.115774105,0.063840018,0.551418801,0.108,0.095,1.136842105,0.589806549,0.634690776,0.929281741,0.036,92458,0.35425744,0.928951998,13.7858324,4.8,1347.815092,1735.03489,688.7443124,454.4404464,286.5569179
Hawaii,2023,4659,1069,223,8,689,91,2670,1528,1289,962,520,249,86,25,62,276,1127,382,1841,5,204,0,573530.8,0.208910223,0.015663302,0.000721185,0.360984797,0.101112924,0.312607568,0.717853321,0.178270087,0.169342273,0.158018516,0.149138168,0.156398334,0.123307217,0.065525405,0.531399594,0.107,0.096,1.114583333,0.591794056,0.630302886,0.938904246,0.035,95322,0.36999718,0.929914909,13.85908145,4.5,892.1980445,2482.36018,1934.133986,332.7925263,156.9198836
Hawaii,2024,5294,1621,204,6,897,154,2566,1572,1557,1205,532,313,95,20,115,266,1302,473,2176,12,219,0,580949.6,0.207152666,0.016279131,0.001425859,0.356035974,0.102269066,0.316837304,0.719214276,0.17914422,0.16740597,0.159923079,0.145687122,0.156242741,0.125506805,0.066090063,0.526585496,0.106,0.094,1.127659574,0.600627348,0.641014752,0.936994578,0.034,100745,0.377574922,0.93711601,13.93452096,4.9,1346.957928,2157.051392,724.3295649,433.6707235,259.2017767
Idaho,2021,8664,8015,162,224,59,1013,204,3250,2598,1495,859,306,115,41,303,719,2037,1313,4401,42,82,1,717568.4,0.786710456,0.007193874,0.00713022,0.013598131,0.13252299,0.052844329,0.360444292,0.205696872,0.177282026,0.165461643,0.150294616,0.155950058,0.102066669,0.043248115,0.423724178,0.121,0.099,1.222222222,0.574647053,0.631253822,0.910326454,0.033,66474,0.30715207,0.912598623,13.52525593,17.6,1419.793878,3138.259719,4378.060746,604.657558,1065.258269
Idaho,2022,9233,8385,203,331,75,1063,239,3445,2702,1698,835,383,128,42,355,706,2050,1405,4562,44,125,1,735746.6,0.789681764,0.006120577,0.008161285,0.01298276,0.135078155,0.04797546,0.355582339,0.216035439,0.168369214,0.165371291,0.148347398,0.152674645,0.103693452,0.045508561,0.438875936,0.115,0.1,1.15,0.570616029,0.623990269,0.914463025,0.03,72785,0.322742619,0.920101736,13.55404014,16.3,1443.187286,4507.911778,5512.405861,785.1741097,1069.596272
Idaho,2023,8989,8213,206,266,97,1072,207,3214,2634,1780,818,360,146,37,299,503,1953,1352,4371,38,158,0,749145.4,0.783780537,0.00775019,0.006928702,0.013167739,0.138267117,0.050105714,0.363778229,0.211137565,0.171754477,0.165180418,0.142857314,0.15424145,0.106780078,0.048048699,0.449978124,0.112,0.09,1.244444444,0.575477074,0.62646272,0.918613439,0.036,74942,0.321425836,0.921597085,13.57701439,17.5,1398.753644,3548.042012,5124.643238,983.3189469,1034.927103
Idaho,2024,9221,8512,153,261,80,1096,215,3377,2646,1756,822,410,157,53,305,561,2019,1438,4540,52,163,1,767570.6,0.778373407,0.007171195,0.006265428,0.014595685,0.14297676,0.050617525,0.370826636,0.213927713,0.173980829,0.160894026,0.139225297,0.151772921,0.10999309,0.050206125,0.456447994,0.117,0.092,1.27173913,0.583517015,0.63235964,0.922761318,0.037,81166,0.330265604,0.924895556,13.63704099,17.9,1424.706131,2779.595289,5427.145087,714.0804995,998.6809624
Illinois,2021,48419,23031,23806,53,595,6333,934,20728,13731,7551,3949,1739,516,205,2085,2155,10775,3156,18887,114,425,4,5039617.2,0.589344061,0.133879742,0.00100312,0.056916447,0.179721073,0.039135557,0.597678048,0.201267167,0.174608821,0.161380086,0.165444029,0.154128632,0.09546122,0.047710044,0.499784563,0.131,0.11,1.190909091,0.603041811,0.645375439,0.93440465,0.074,72205,0.371399786,0.901725601,13.69759688,14.1,775.4366695,3528.369124,1048.396182,207.4348085,699.2185408
Illinois,2022,81291,38177,40473,90,997,12300,1554,33460,23026,13100,7215,3180,967,343,2912,3509,17819,5176,31658,196,1244,1,5033054,0.584667167,0.131967793,0.000826973,0.059393904,0.182778585,0.040365578,0.602183095,0.203810971,0.173209549,0.160014283,0.161673922,0.152068193,0.098354795,0.050868287,0.517191731,0.132,0.107,1.23364486,0.603658827,0.649903457,0.928843846,0.048,76708,0.376794969,0.904015363,13.71003823,16.1,1297.362982,6093.4865,2162.318127,333.5198568,1337.051731
Illinois,2023,95610,47247,45328,126,1321,16323,1588,38109,27746,15835,8397,3818,1237,468,2765,3111,20661,6332,38113,172,1560,2,5036418.2,0.578542544,0.130970417,0.000986877,0.059347526,0.189501588,0.040651047,0.607048812,0.199889539,0.17160824,0.163346403,0.157640994,0.15654231,0.098685411,0.052287102,0.529836188,0.127,0.105,1.20952381,0.61320279,0.65394397,0.937699281,0.047,80306,0.382777584,0.905523088,13.73116186,14.4,1621.500743,6871.816632,2535.04535,441.9553684,1710.272617
Illinois,2024,101255,50972,47099,136,1493,18833,1555,39275,29897,17207,8824,4274,1291,487,2657,3510,21652,6586,39992,184,1501,6,5119999,0.570921542,0.129344498,0.001143023,0.063423995,0.19376376,0.041403183,0.614036066,0.201665062,0.174666451,0.16224236,0.152688928,0.155398986,0.101569607,0.051768606,0.509685992,0.128,0.104,1.230769231,0.615315655,0.654669372,0.939887646,0.051,83211,0.39230752,0.907185284,13.78064801,13.5,1743.754608,7112.034432,2323.881951,459.7654554,1898.353454
Indiana,2021,34708,22720,11372,35,265,2053,316,14753,9815,5585,2933,1186,337,99,2181,1755,9394,3261,16196,261,227,3,2658458.4,0.766260284,0.087482708,0.001366738,0.023719418,0.07610963,0.045061222,0.396804284,0.211387657,0.168173882,0.159812974,0.160936604,0.158194424,0.095585657,0.045908802,0.480289649,0.135,0.108,1.25,0.586040781,0.634484011,0.923649407,0.047,62743,0.288792448,0.906410409,13.34784657,17.3,1115.326811,4889.728707,963.2808045,420.2541169,1014.6575
Indiana,2022,38173,24734,12632,37,273,2503,497,15625,10786,6370,3484,1364,431,113,3148,1816,9461,3428,16896,323,345,1,2680690.6,0.759904417,0.091914327,0.000858476,0.025300609,0.078227002,0.043795168,0.405418695,0.211430586,0.170116369,0.155578934,0.158531139,0.154539651,0.10269305,0.047110271,0.458748384,0.137,0.114,1.201754386,0.589822333,0.638556242,0.923681101,0.036,66785,0.296002583,0.901975805,13.37398123,18.4,1214.195716,5126.750871,1607.780934,402.5176982,1193.596321
Indiana,2023,41500,25736,14837,47,324,3096,556,16369,11867,7376,3647,1654,450,137,3722,1219,9594,3670,17907,342,490,0,2688723.2,0.751003578,0.088452987,0.000781528,0.026267673,0.087112746,0.046381488,0.417739221,0.209191062,0.169378597,0.158268282,0.156968056,0.156558813,0.100175501,0.04945969,0.493730396,0.138,0.108,1.277777778,0.597132018,0.643755439,0.92757588,0.036,69477,0.30214671,0.904437299,13.40294,17.6,1274.538466,6238.605141,2236.697339,458.7513068,1321.822541
Indiana,2024,40772,25925,13802,45,368,3367,632,16029,11901,7006,3544,1665,520,107,3438,1348,9313,3597,17619,311,479,0,2723567.2,0.742613487,0.089493557,0.000854241,0.026908954,0.090495539,0.049634222,0.429138293,0.208646952,0.172833908,0.158299304,0.150409768,0.155826459,0.104906989,0.049076621,0.467810784,0.137,0.107,1.280373832,0.598760586,0.641601597,0.933228016,0.041,71959,0.306562609,0.905783924,13.42099214,18.3,1281.792828,5662.551409,1934.167166,502.1262283,1366.0854
Iowa,2021,15607,11718,3163,227,145,880,354,6649,4552,2548,1229,453,119,57,527,871,5064,1341,7868,98,241,0,1233174,0.829753977,0.03514163,0.002677666,0.023179508,0.066489429,0.04275779,0.303479871,0.209386623,0.164410527,0.150859904,0.154351025,0.16554406,0.10061051,0.054837352,0.545045958,0.124,0.099,1.252525253,0.618837313,0.660928043,0.936315715,0.036,65600,0.305410523,0.933248209,13.57389013,11.2,1145.195918,7298.824657,6874.562956,507.2702923,1073.261892
Iowa,2022,13761,10415,2773,188,128,819,257,5501,4164,2294,1115,489,144,54,584,815,4148,1315,6737,67,293,0,1243821.2,0.828025597,0.037182743,0.001670355,0.023399969,0.068121494,0.041599842,0.306069622,0.208952707,0.164668589,0.152604147,0.14997115,0.16015632,0.107879892,0.055767195,0.516937811,0.121,0.098,1.234693878,0.626459981,0.66628976,0.940221536,0.029,69588,0.323131487,0.934697716,13.65250976,11.2,1011.247724,5995.84628,9048.802577,439.7812738,966.5888541
Iowa,2023,15663,11715,3318,211,188,1131,231,6306,4409,2791,1349,546,188,74,522,662,4501,1393,7461,101,421,0,1247940.2,0.82381843,0.039342639,0.001601183,0.023448989,0.073011446,0.038777314,0.312388581,0.205704596,0.161431477,0.158515084,0.147334767,0.161998218,0.106885231,0.058130628,0.543860245,0.125,0.101,1.237623762,0.626570784,0.662579014,0.945654436,0.028,71433,0.315496728,0.932844202,13.61092214,11.3,1139.507045,6758.014494,10559.6059,642.4509142,1241.303215
Iowa,2024,15259,11572,3114,227,168,1271,178,5969,4514,2652,1266,622,164,72,507,539,4196,1372,7123,88,351,0,1262558.4,0.811815746,0.040607585,0.002021911,0.025698383,0.078119678,0.041736696,0.330797087,0.208110983,0.162996023,0.157702894,0.1422387,0.159806358,0.110579939,0.058565103,0.529617792,0.125,0.102,1.225490196,0.630620346,0.665423306,0.947698014,0.032,75501,0.320507815,0.9298637,13.62766572,10.5,1129.014393,6073.792773,8892.263972,517.7880327,1288.646001
Kansas,2021,18489,15055,3071,99,175,2296,89,7528,5138,3135,1586,743,245,114,1050,910,4575,1938,8774,115,288,0,1120461.2,0.733648267,0.051465933,0.003643449,0.028578516,0.127351357,0.055312477,0.439003633,0.213194945,0.176373246,0.150567703,0.153048168,0.159064721,0.096987587,0.050763628,0.52340335,0.128,0.106,1.20754717,0.611682727,0.656636343,0.931539555,0.044,64124,0.353967519,0.918943759,13.69975795,16.9,1831.454112,5325.533783,2425.07781,546.514329,1609.057206
Kansas,2022,22036,17551,3888,197,239,2854,161,8551,6332,3711,1933,986,359,164,1466,1221,5326,2083,10086,151,422,0,1127416.2,0.731301772,0.050275267,0.004107723,0.028968558,0.129971571,0.055375109,0.441855053,0.218930803,0.172769304,0.152478174,0.148537647,0.154878013,0.098697908,0.05370815,0.544167061,0.129,0.111,1.162162162,0.609048495,0.656877214,0.927187733,0.036,68925,0.356083194,0.92072512,13.71475419,17.3,2128.731906,6859.423225,4253.836618,731.7904753,1947.696704
Kansas,2023,22825,17937,4225,192,243,3149,228,8693,6175,4069,2045,1172,454,217,1511,745,5188,2079,10217,142,454,0,1130352,0.727467713,0.052216475,0.004330147,0.025943472,0.136599075,0.053443118,0.445856879,0.216624854,0.167694116,0.159473664,0.142626062,0.157072059,0.104867865,0.051641381,0.492442377,0.123,0.101,1.217821782,0.615076953,0.662341271,0.928640536,0.033,70333,0.358191583,0.916815421,13.72834073,17,2181.335052,7158.226824,3922.698068,828.6372827,2039.441231
Kansas,2024,20715,16176,3964,216,162,3277,197,7796,5710,3724,1891,1051,367,176,1514,687,4566,2011,9123,116,329,0,1145898.2,0.718082102,0.051232644,0.004561359,0.030052117,0.14231507,0.053756708,0.457666013,0.21540682,0.170174555,0.159181322,0.139246589,0.156150595,0.108443461,0.051396658,0.473948887,0.119,0.098,1.214285714,0.618468091,0.666490542,0.927947288,0.037,75514,0.360485369,0.920021847,13.75634045,16.3,1965.852815,6752.130683,4132.505682,470.428805,2009.460684
Kentucky,2021,20749,14824,5581,16,83,664,245,8039,5880,3837,1867,792,249,85,1742,1443,6585,2197,10952,223,207,0,1781732.8,0.826558957,0.070991801,0.001619286,0.013979927,0.039195289,0.04765474,0.307755149,0.20115093,0.1667038,0.158175316,0.167119362,0.161189719,0.09985273,0.045808143,0.458757043,0.18,0.149,1.208053691,0.546744341,0.588362178,0.929264936,0.054,55573,0.269801782,0.87987785,13.20460208,20.1,1006.581617,4412.2616,554.5667748,333.2196576,950.8053863
Kentucky,2022,18159,13227,4634,19,67,648,212,7062,5086,3305,1736,675,230,65,1004,1411,5358,1911,9297,150,307,0,1790686.2,0.822416456,0.076057274,0.000953392,0.013793379,0.041549229,0.04523027,0.313883181,0.202180569,0.164089632,0.159483041,0.161498763,0.162888631,0.103118028,0.046741336,0.453279961,0.181,0.148,1.222972973,0.554997606,0.598606209,0.927149766,0.043,59341,0.278614355,0.890001905,13.28092424,21.1,898.1524836,3402.481614,1112.916576,271.2593061,870.9486491
Kentucky,2023,20556,14390,5780,18,85,972,283,7625,5762,3844,1983,952,301,89,1304,1136,5267,2200,9989,125,466,0,1794982,0.815389401,0.073827581,0.001219799,0.014174728,0.048503873,0.046884618,0.324936409,0.200440616,0.169220193,0.156068045,0.161059297,0.158880806,0.107217657,0.047113387,0.439418173,0.183,0.144,1.270833333,0.561832391,0.60288926,0.931899816,0.041,61118,0.278464249,0.895404172,13.29882518,18.9,983.1858831,4361.632817,822.0990271,334.0750899,1116.425504
Kentucky,2024,20644,14468,5780,19,107,1188,270,7803,5577,3911,1959,962,322,110,1300,1029,5341,2021,9960,153,454,0,1818176,0.803003331,0.070272201,0.00128259,0.018556473,0.055060924,0.051824482,0.344183998,0.201245863,0.168516627,0.159870404,0.155578798,0.160107598,0.107459034,0.047221677,0.439438873,0.169,0.142,1.190140845,0.561614074,0.602432513,0.932243964,0.049,64526,0.279440857,0.889818484,13.2789768,18.4,990.9579645,4523.851719,814.7602461,317.1410231,1186.689295
Louisiana,2021,31454,13743,17175,47,79,1063,410,12080,9346,5286,2929,1327,386,100,3074,807,8100,2581,13851,431,300,0,1831760,0.568909659,0.310190186,0.00378305,0.017176296,0.055381357,0.044559452,0.574761873,0.202905367,0.18139893,0.156896488,0.157176351,0.1600726,0.09582249,0.045727774,0.477213375,0.215,0.176,1.201183432,0.552472803,0.585183353,0.94410205,0.076,52087,0.264459355,0.866771826,13.11077074,26.3,1318.771849,3022.735325,678.2459443,251.0897617,1047.854784
Louisiana,2022,32531,14330,17529,69,91,1347,512,12755,9246,5571,3094,1366,397,102,2824,964,8109,2622,14074,390,464,0,1827713,0.567120768,0.309363931,0.004355109,0.01768295,0.057124016,0.044353227,0.577105977,0.202912549,0.179494945,0.15428524,0.152968226,0.163314209,0.101382035,0.045642796,0.450205952,0.205,0.165,1.242424242,0.561040751,0.594416144,0.943851806,0.054,55416,0.271341462,0.872975572,13.15393681,29.1,1382.492036,3100.126836,866.8462222,281.5650025,1290.151949
Louisiana,2023,31913,13516,17770,38,114,1269,475,12241,9127,5556,2884,1523,465,117,2600,618,8009,2522,13874,378,518,0,1824287.6,0.556767107,0.30130381,0.004836951,0.017255429,0.071495834,0.048340869,0.591456763,0.197585893,0.174116564,0.164688414,0.152149485,0.159968936,0.106024332,0.045466376,0.428829636,0.211,0.165,1.278787879,0.558247293,0.592347138,0.942432666,0.049,58229,0.269915205,0.878108269,13.15722521,28.2,1330.703524,3232.879358,430.6442002,362.147744,972.9434067
Louisiana,2024,33246,13861,18780,60,115,1351,430,12699,9402,5940,3005,1586,491,123,2734,633,8505,2516,14811,391,587,25,1834329.8,0.551503782,0.301768043,0.003869292,0.0177348,0.077783433,0.04734065,0.596158732,0.197850192,0.175908806,0.1658513,0.144837803,0.160001244,0.109172307,0.046378348,0.424817881,0.203,0.169,1.201183432,0.568050233,0.599099254,0.948173827,0.052,60986,0.27836477,0.882307263,13.19510957,28.3,1370.151678,3392.695791,845.3612244,353.5038301,946.8710108
Maine,2021,4552,4125,185,37,25,47,180,1612,1364,790,509,205,50,22,41,386,1458,473,2426,8,45,0,576711.6,0.900387467,0.014918597,0.003339049,0.01225071,0.019112448,0.049991729,0.186054158,0.166609387,0.155638995,0.141098645,0.173314277,0.185468482,0.123831145,0.054039067,0.436393181,0.127,0.103,1.233009709,0.578800847,0.613400202,0.943594159,0.049,64767,0.359878748,0.945280067,13.92339998,10.4,794.3937613,2150.230704,1921.410877,353.8507027,426.4055554
Maine,2022,4499,4011,199,52,32,76,205,1650,1298,796,427,240,63,25,69,375,1329,516,2367,8,40,0,581780,0.901751916,0.015579569,0.0037572,0.01165851,0.020729207,0.046523597,0.183856576,0.165948438,0.153536192,0.140445781,0.168596174,0.186732898,0.124061054,0.060679463,0.489109681,0.117,0.098,1.193877551,0.592768139,0.61709945,0.960571491,0.033,69543,0.360686547,0.946446166,13.94690921,12.6,764.5515989,2195.527343,2378.922219,471.7893591,630.1908839
Maine,2023,4388,3982,226,46,37,72,97,1401,1329,849,481,242,60,26,66,236,1260,528,2314,22,46,0,590510.4,0.895184714,0.017404612,0.003378896,0.010961352,0.022342558,0.050727867,0.195137332,0.164689492,0.151437763,0.145511025,0.162064806,0.18810276,0.127653344,0.06054081,0.474259492,0.115,0.092,1.25,0.5828179,0.621079494,0.938395014,0.032,73733,0.369944971,0.949101457,13.96570719,12,753.2879968,2198.956015,2305.448664,571.623466,545.7227408
Maine,2024,4198,3806,210,41,23,90,118,1325,1211,843,445,248,92,34,44,244,1160,436,2177,5,52,0,592923,0.891320501,0.019855346,0.003419188,0.01332373,0.023394106,0.048687129,0.202046596,0.163088368,0.154617041,0.144316551,0.155963437,0.184812066,0.135892724,0.061309813,0.451163323,0.118,0.094,1.255319149,0.588382406,0.618849547,0.950768097,0.027,76442,0.371109589,0.947705259,13.98630385,14,720.1725949,1783.789232,2022.379148,291.141232,648.8402138
Maryland,2021,19427,8717,10122,32,352,1602,204,8209,5452,2912,1689,766,248,151,564,767,3711,1492,7167,58,139,0,2497690,0.478384151,0.290353373,0.001276859,0.065720766,0.110998975,0.053265877,0.667364648,0.190507608,0.175542785,0.162257975,0.168966953,0.157205657,0.096012699,0.049506324,0.515622671,0.112,0.092,1.217391304,0.625210486,0.665525421,0.939423898,0.059,90203,0.425483589,0.910883494,14.05906568,13.5,729.5443997,1395.728422,1003.387072,214.4378833,577.8365492
Maryland,2022,37349,14387,21580,62,546,2646,774,15077,10778,5805,3423,1544,493,229,1568,1408,7538,2618,13967,185,665,0,2506653.6,0.471476448,0.29213517,0.001448579,0.065180886,0.114498123,0.055260793,0.671952779,0.190507608,0.175542785,0.162257975,0.168966953,0.157205657,0.096012699,0.049506324,0.515622671,0.107,0.085,1.258823529,0.628354853,0.66996023,0.937898737,0.04,94991,0.438313188,0.914162749,14.11583481,15.2,1217.351285,2946.953436,1707.478259,334.1781583,921.9283088
Maryland,2023,47519,19029,26511,122,675,3995,1182,18454,13889,7761,4344,2057,675,339,1964,1222,9477,3526,18187,245,937,0,2514122.4,0.463249158,0.28862443,0.00107714,0.065967688,0.126424598,0.054656986,0.678772695,0.18635073,0.176366027,0.164886023,0.165441995,0.156572551,0.101784954,0.048597719,0.477454845,0.105,0.085,1.235294118,0.635291993,0.674899268,0.941313798,0.04,121875,0.437469851,0.911579897,14.0946729,13.6,1633.860261,3653.478904,4505.067052,406.9922055,1256.894381
Maryland,2024,51648,21044,28297,95,658,4714,1554,19317,15572,8549,4569,2445,845,351,1977,1309,9862,3797,19398,216,919,0,2555831.4,0.453071423,0.286892206,0.001605085,0.068912796,0.132671054,0.056847436,0.686834358,0.187743403,0.177185194,0.166346056,0.158951516,0.157165156,0.101823715,0.05078496,0.498753752,0.1,0.08,1.25,0.645316633,0.678787244,0.950690571,0.043,102905,0.446892889,0.914233358,14.1365617,12.3,1817.311695,3859.13031,2315.759038,373.5887772,1390.212526
Massachusetts,2021,34889,23919,7410,48,746,8140,2766,13011,9780,5737,3793,1817,495,256,926,2096,8368,2302,14521,108,400,0,2892850.4,0.674788821,0.062649442,0.000732456,0.070125616,0.128473241,0.063230424,0.515313495,0.204588272,0.172707925,0.150044201,0.169514397,0.156872183,0.096482353,0.049790667,0.516059834,0.115,0.092,1.25,0.631177447,0.667572153,0.94548199,0.066,89645,0.466167621,0.911000242,14.1909266,3.7,1225.31899,4088.603777,2265.341709,367.7360129,2190.209959
Massachusetts,2022,35289,23996,7432,52,662,8052,3147,12865,9754,6041,3941,1819,579,290,1063,2062,8171,2498,14746,112,621,0,2896624.8,0.669814439,0.065846708,0.000836153,0.071822525,0.130484301,0.061195874,0.521082566,0.204929574,0.169724736,0.150734577,0.165239133,0.157541266,0.099608977,0.052221737,0.524267371,0.111,0.095,1.168421053,0.632616059,0.66799886,0.947031645,0.041,94488,0.46645035,0.913337635,14.20641535,3.4,1236.779002,3896.542244,2146.966889,318.2035904,2130.361271
Massachusetts,2023,34886,23572,7757,53,714,8486,2790,12100,9909,6257,3613,2036,624,347,883,1418,7665,2389,14316,105,588,0,2913066.4,0.659251672,0.065199541,0.000644014,0.073186944,0.134884899,0.066832929,0.533118932,0.201310215,0.172814312,0.151057401,0.158720169,0.16010216,0.104019513,0.051976231,0.499677701,0.115,0.093,1.23655914,0.637271182,0.672093065,0.948188897,0.039,99858,0.477816356,0.913905143,14.2724166,3.7,1227.424559,4084.123527,2825.07627,334.8992806,2159.679532
Massachusetts,2024,33498,22395,7594,43,701,8186,2765,11446,9460,6008,3651,1929,670,334,909,1425,7386,2444,14048,89,609,0,2972736.4,0.650002641,0.063261236,0.000777448,0.076444497,0.139962313,0.069551865,0.543223306,0.203799882,0.173935405,0.152207425,0.154425335,0.158107661,0.103653555,0.053870738,0.51971915,0.11,0.084,1.30952381,0.639056179,0.671910358,0.95110333,0.041,104828,0.482736481,0.913950025,14.27131399,3.7,1158.989615,4038.094879,1860.547251,308.4717446,1967.452375
Michigan,2021,81660,42757,35593,390,333,1024,2587,33511,23445,12901,7391,3146,934,332,7173,4115,16895,6665,33487,590,483,18,4021310.2,0.728577226,0.132266242,0.003355351,0.031868075,0.05568864,0.048244465,0.445225281,0.200072895,0.160168937,0.149624416,0.167469049,0.169230227,0.104524336,0.048910139,0.467930639,0.141,0.12,1.175,0.565278956,0.608931183,0.928313365,0.069,63498,0.316724506,0.919634762,13.60676258,14.6,1459.365444,6691.877847,2890.407487,259.848867,457.2626925
Michigan,2022,80692,42531,34918,348,330,1054,2565,31295,23489,13240,7690,3509,1106,363,6272,4025,15960,6763,33395,502,858,12,4027315,0.726426677,0.130600816,0.002891236,0.033459044,0.057045871,0.049576355,0.448407796,0.201155215,0.161261428,0.147731664,0.162567284,0.168463699,0.106103795,0.052716915,0.496842884,0.146,0.121,1.20661157,0.572580653,0.616064059,0.929417395,0.046,66986,0.321230466,0.91836568,13.60927443,15.4,1453.778393,6638.773787,2988.684708,244.8977597,458.7761111
Michigan,2023,80856,41777,35924,276,402,1121,2477,30353,24187,13197,7794,3735,1171,419,6086,2543,15854,6550,33582,449,961,17,4039813.8,0.72347217,0.130400016,0.003389769,0.033626803,0.05962543,0.049485811,0.452437565,0.195850775,0.163768489,0.148744607,0.159901626,0.168413242,0.110157094,0.053164165,0.482621348,0.146,0.123,1.18699187,0.580705152,0.617357058,0.940630943,0.045,69183,0.326756429,0.920321279,13.63789838,15.1,1429.400969,6819.39261,2015.475995,295.9232753,465.3853846
Michigan,2024,79877,41224,35044,274,518,1372,2817,29986,23693,13213,7507,3807,1238,433,5470,2561,15472,6552,33432,426,992,8,4095055,0.716393607,0.128522289,0.003296695,0.0373205,0.06132178,0.053145129,0.462273768,0.197210789,0.166185205,0.148003993,0.155045041,0.165654211,0.113369195,0.054531566,0.48100867,0.146,0.123,1.18699187,0.577872855,0.616163863,0.937855803,0.045,72389,0.333260447,0.922410463,13.68160835,13.9,1405.201772,6658.485844,2029.607478,338.9397986,546.3609098
Minnesota,2021,23554,11412,7162,1227,460,1279,3293,9877,6949,3639,2036,757,194,102,1920,2316,5557,1338,8891,154,238,8,2211516,0.768611747,0.067377207,0.006821507,0.050310913,0.05817703,0.048701596,0.396362161,0.197292693,0.176413116,0.157576172,0.162579643,0.160725883,0.095338718,0.050073773,0.525219703,0.102,0.084,1.214285714,0.650068191,0.683807387,0.950659796,0.049,77720,0.388952642,0.941302348,13.97216487,8.9,671.374218,4806.525235,8133.437763,413.4333889,994.0973416
Minnesota,2022,22714,10950,7108,1089,467,1335,3100,9074,6807,3646,2026,832,244,85,1775,2233,4939,1337,8304,124,382,2,2222274.2,0.761974252,0.069121267,0.007368138,0.051563847,0.058390634,0.051581863,0.405834216,0.197798732,0.175619184,0.157703966,0.155472347,0.160787755,0.100886479,0.051731536,0.512769764,0.105,0.088,1.193181818,0.642158688,0.67953417,0.944998377,0.032,82338,0.391396085,0.94031463,13.97381848,10,646.6602691,4627.411107,6650.778501,407.5434572,1028.822446
Minnesota,2023,22660,10648,7127,1119,471,1608,3295,9040,6640,3782,2026,815,255,102,1813,1257,4863,1482,8387,127,366,1,2232632,0.755576895,0.071123919,0.007226144,0.051721575,0.063954764,0.050396703,0.414687566,0.194047004,0.176301648,0.160273081,0.151532332,0.162498371,0.102431512,0.052916052,0.516599347,0.102,0.083,1.228915663,0.649893326,0.68367517,0.950587874,0.03,85086,0.399892429,0.943214832,14.03733482,9.7,631.207613,4488.217916,6935.956003,407.8796338,1126.149371
Minnesota,2024,23065,10842,7459,1159,499,1989,3106,9430,6606,3965,1837,878,237,112,1610,1359,5237,1628,9056,160,283,1,2265833.2,0.74729711,0.074661786,0.007413064,0.052279148,0.067050729,0.051298162,0.426057283,0.196314995,0.175222716,0.162992981,0.144995216,0.159890653,0.106549966,0.054033473,0.507118631,0.101,0.086,1.174418605,0.650115416,0.681484541,0.953969426,0.037,87117,0.400304335,0.941979686,14.02989918,8.9,640.306874,4409.14414,6900.137585,421.2540686,1309.192001
Mississippi,2021,13133,5754,7141,12,68,242,158,5513,3720,2125,1109,472,152,42,728,377,3264,1111,5533,56,81,0,1176657.8,0.554352679,0.360377496,0.004069201,0.008289929,0.031820039,0.041090657,0.56003493,0.204749141,0.167288316,0.161264713,0.158429972,0.163350387,0.099445353,0.045472118,0.457257348,0.211,0.175,1.205714286,0.53629026,0.566491133,0.946687827,0.064,48716,0.247775214,0.864854456,13.07450282,28.6,882.1319027,1684.035303,250.6235778,697.1206116,646.3451291
Mississippi,2022,12512,5398,6921,15,37,325,141,5044,3509,2155,1149,455,160,40,795,311,2839,1098,4987,44,156,0,1179988.2,0.553043359,0.364945986,0.004236993,0.008577045,0.033052761,0.036143857,0.558467089,0.205389873,0.163164904,0.163255216,0.153022104,0.163124618,0.103209448,0.048833837,0.473152779,0.207,0.175,1.182857143,0.53592658,0.571217089,0.938218745,0.049,52719,0.247634367,0.875962272,13.1135392,33.9,827.1723985,1607.172874,300.0238973,365.5833188,833.2934216
Mississippi,2023,10438,4387,5879,7,34,209,131,4224,2900,1809,914,414,125,52,488,277,2270,892,4073,47,101,0,1185279.8,0.550721335,0.355352095,0.004270858,0.009388745,0.037379452,0.042887515,0.567087949,0.201561174,0.15815219,0.171633109,0.15366577,0.16256657,0.105299846,0.047121341,0.447496768,0.196,0.163,1.202453988,0.545152493,0.575811369,0.946755348,0.048,54203,0.25537094,0.877570201,13.18568015,29.7,672.0705265,1395.801616,138.2808451,305.5276293,471.7288883
Mississippi,2024,10337,4350,5798,26,34,244,129,4223,2793,1737,913,475,162,34,576,247,2402,878,4268,41,104,0,1191855.4,0.549524047,0.358128741,0.003797427,0.012249898,0.040274274,0.036025613,0.566682784,0.204606145,0.157022626,0.166366977,0.151430374,0.162680944,0.109741072,0.048151861,0.438777025,0.199,0.155,1.283870968,0.558504969,0.589036849,0.948166435,0.046,59127,0.270174662,0.880017766,13.25713676,29.4,664.1695897,1358.361821,574.4607297,232.8750044,508.3215684
Missouri,2021,50508,31382,17699,62,189,1754,1176,20071,14570,8593,4630,1901,560,183,5099,2248,12000,4596,21641,537,360,2,2449551.2,0.765596763,0.10719341,0.002158333,0.019920278,0.04562848,0.059502736,0.39634716,0.198041377,0.170231283,0.154340458,0.159593397,0.165864538,0.101104165,0.050824782,0.502697211,0.139,0.114,1.219298246,0.58810812,0.627725356,0.936887628,0.046,61847,0.317189281,0.915917726,13.58330246,23.9,1673.377819,6740.531166,1172.699438,387.3288869,1569.303943
Missouri,2022,50556,31709,17468,55,231,1848,1093,19558,14578,8895,4646,2099,587,193,5201,2078,11561,4371,21238,564,436,0,2466354.8,0.766177395,0.106303589,0.001993054,0.02143686,0.047226454,0.056862649,0.395744537,0.202594288,0.169863275,0.152289356,0.154608965,0.163552616,0.104757107,0.052334393,0.499578451,0.143,0.12,1.191666667,0.588860124,0.628393911,0.937087572,0.037,64811,0.322005142,0.915576923,13.58776372,23.2,1678.022032,6662.538065,1118.891749,436.9132903,1586.576716
Missouri,2023,51666,32203,17956,70,223,2097,1214,19072,15427,9164,4760,2354,676,213,5156,1815,11410,4290,21589,486,762,4,2476850.4,0.76474866,0.106772166,0.001840496,0.020491737,0.052498355,0.053648585,0.397701644,0.199563221,0.169796788,0.155516371,0.151779473,0.163963075,0.106293541,0.05308753,0.499442673,0.13,0.109,1.19266055,0.602965351,0.639487213,0.942888831,0.034,68545,0.295471417,0.904758,13.4713508,24.4,1700.113168,6789.718477,1535.547961,439.3658655,1612.697671
Missouri,2024,52481,31899,18821,67,249,2590,1445,19946,15133,9228,4829,2398,699,248,5120,1835,11600,4294,21928,467,776,7,2504461.8,0.762079883,0.103843973,0.002182703,0.022603437,0.055512271,0.053777733,0.401961345,0.200875342,0.170859655,0.155888863,0.148254956,0.160172022,0.111027252,0.052921909,0.476656932,0.134,0.111,1.207207207,0.597950046,0.635177561,0.941390381,0.033,71589,0.334716078,0.920076955,13.68124013,21.4,1671.329809,7236.806946,1225.647956,439.8559324,1862.929233
Montana,2021,7383,5138,88,1827,47,203,283,2763,2211,1321,641,323,90,34,389,625,2209,708,3875,51,67,3,429960.2,0.838064207,0.005072125,0.05531432,0.008930779,0.042942357,0.049676212,0.290171453,0.195467871,0.16843919,0.1449666,0.149171281,0.180535558,0.11186293,0.04955657,0.443011549,0.126,0.111,1.135135135,0.582049219,0.618444931,0.941149631,0.04,63249,0.347984631,0.943518033,13.88888411,20.9,1425.898299,4035.194454,7681.971884,1223.996735,1099.466253
Montana,2022,6661,4809,85,1491,35,204,241,2411,1924,1235,646,328,90,27,378,546,1894,690,3442,58,71,1,440283.2,0.834796107,0.003052899,0.052319642,0.006857446,0.044377473,0.058596432,0.294918868,0.197601477,0.167947908,0.148910495,0.142550435,0.17169574,0.119900247,0.051393698,0.428637136,0.129,0.114,1.131578947,0.602896817,0.635051823,0.949366328,0.03,67631,0.345975112,0.940477797,13.81933902,25.1,1308.405158,6323.745375,6472.629757,1159.240468,1044.084106
Montana,2023,6801,4914,103,1470,29,306,285,2479,1977,1218,661,326,111,29,412,338,1957,642,3448,60,67,2,445856.2,0.833012892,0.004197519,0.053966589,0.007868031,0.046362503,0.054592465,0.297967785,0.191383507,0.167970189,0.154169955,0.141580677,0.169856744,0.121353912,0.053685015,0.442383887,0.131,0.103,1.27184466,0.592294701,0.629679446,0.940628925,0.027,70804,0.346216914,0.944273068,13.85159924,24.5,1323.087661,5503.63652,6109.385861,826.6794185,1480.334095
Montana,2024,6720,4803,107,1503,46,298,261,2412,1793,1333,647,377,121,37,341,351,1697,618,3252,57,181,0,448640.2,0.832917265,0.003022248,0.050858531,0.007774132,0.04880794,0.056619884,0.298004642,0.190222722,0.159514367,0.161980158,0.138395247,0.165739496,0.129897312,0.054250699,0.417642964,0.109,0.096,1.135416667,0.601241279,0.632373754,0.95076887,0.03,75340,0.363352241,0.945689513,13.92476383,21.5,1285.323763,7891.426089,6587.141355,1318.88745,1360.904344
Nebraska,2021,7508,6034,860,373,89,1042,152,3359,2085,1226,578,178,54,28,113,618,1993,773,3489,20,151,2,744529.2,0.764247652,0.045806573,0.006394078,0.022527973,0.119061441,0.041962283,0.397342431,0.214029251,0.170792109,0.160763982,0.152906489,0.157820292,0.094131929,0.049555948,0.526452066,0.12,0.095,1.263157895,0.642379116,0.68634357,0.935943957,0.027,66817,0.344486343,0.921615336,13.64671235,10.1,1060.448196,2521.673849,7835.183404,530.6231024,1175.478931
Nebraska,2022,7872,6381,925,344,76,1048,146,3251,2184,1463,620,253,74,27,141,637,1967,794,3648,15,148,1,748078,0.758162286,0.045489585,0.005208029,0.025031975,0.12292046,0.043187665,0.405492309,0.213896517,0.175088019,0.156998523,0.14365133,0.155251146,0.103272069,0.051842396,0.501998235,0.126,0.099,1.272727273,0.63544634,0.682762519,0.93069892,0.023,69597,0.346526482,0.927922135,13.70050089,10.3,1125.070363,2718.209181,8829.541778,405.855647,1139.699146
Nebraska,2023,9897,7014,1993,479,128,1398,283,4099,2921,1685,772,330,68,22,313,506,2127,711,3735,14,182,0,755009.6,0.751587537,0.043083251,0.00495355,0.024234992,0.12911985,0.047020819,0.413765242,0.213959701,0.171373984,0.163032596,0.140515039,0.158153759,0.102230734,0.050734187,0.496271376,0.111,0.098,1.132653061,0.647409734,0.690144326,0.938078762,0.027,74590,0.35286396,0.926509624,13.6953106,12.3,1236.043394,6126.978521,12807.56264,699.5433222,1434.041385
Nebraska,2024,12886,8856,2982,531,143,1943,374,5475,3639,2211,1020,386,116,39,444,530,2377,814,4298,25,213,0,765218.2,0.739653527,0.044886824,0.006689717,0.027501837,0.135391974,0.045876121,0.429661125,0.21576373,0.171036999,0.166546689,0.139874552,0.148753044,0.106634215,0.051390772,0.481935108,0.124,0.094,1.319148936,0.63367157,0.687059546,0.922294979,0.034,76376,0.353588728,0.926486671,13.69205619,10.6,1564.674427,8681.673936,10372.93089,679.4993458,1875.402927
Nevada,2021,38397,23818,12097,364,1503,8570,615,14343,11486,6515,3831,1566,521,135,1699,1584,11934,3975,20776,201,73,50,1223179.2,0.451736662,0.087151331,0.005951671,0.083546359,0.299224457,0.07238952,0.686547699,0.195070587,0.187529896,0.163682526,0.161961212,0.15145321,0.10093118,0.039371388,0.390081517,0.15,0.132,1.136363636,0.585952361,0.62961104,0.930657698,0.097,66274,0.275729128,0.871557068,13.07316586,17,4310.521992,11347.84955,5000.027354,1470.758495,2341.497223
Nevada,2022,37042,23562,11102,332,1434,8597,612,13346,11037,6546,3668,1670,575,200,1962,1715,10850,3835,19532,216,124,41,1243548.6,0.44375273,0.090148381,0.005543507,0.088473622,0.30252548,0.06955628,0.69073873,0.196444453,0.184750417,0.164679335,0.16136587,0.147080834,0.104000179,0.041678912,0.400758081,0.139,0.11,1.263636364,0.586394241,0.632970623,0.926416203,0.055,72333,0.270347127,0.874186322,13.06370163,19.8,4269.808042,9903.313529,4816.047044,1303.384588,2285.189422
Nevada,2023,35518,22454,10552,331,1274,8703,907,12187,10943,6379,3616,1642,585,166,1782,876,9988,3671,18606,184,180,26,1256978.6,0.443861265,0.088981947,0.005837812,0.089360762,0.299419944,0.07253827,0.692135861,0.190000185,0.185438594,0.165570201,0.158021198,0.151065512,0.106094974,0.043809336,0.412925652,0.128,0.111,1.153153153,0.589582082,0.634852304,0.928691727,0.046,76364,0.287207429,0.87737551,13.12170715,19.3,4024.561681,9434.198166,4510.762953,1134.213156,2312.386231
Nevada,2024,34509,21847,10423,320,1110,8680,809,11719,10503,6439,3455,1679,523,191,1664,967,9833,3508,18277,196,135,29,1290087.6,0.428352605,0.091125021,0.005179241,0.092797877,0.305872102,0.076673154,0.700135491,0.18989869,0.188488289,0.164819107,0.154053605,0.148873422,0.108358596,0.045508291,0.419978594,0.129,0.102,1.264705882,0.608221363,0.64596964,0.941563387,0.063,81134,0.285289106,0.877043264,13.1312849,18.4,3953.403982,8866.166759,4789.218565,927.1835913,2199.685827
New Hampshire,2021,5500,5103,220,4,53,309,120,1836,1669,956,638,269,82,50,76,596,1359,539,2728,12,110,0,570043,0.872510425,0.013015194,0.000499643,0.026050546,0.043429336,0.044494857,0.234011383,0.184228278,0.155218494,0.14329612,0.180565387,0.178573453,0.108644975,0.049473293,0.455366605,0.085,0.06,1.416666667,0.620781699,0.66657419,0.931301734,0.036,88465,0.402467277,0.944382625,14.07596512,8.9,1025.999919,2965.271189,1404.405647,356.9040058,1248.152563
New Hampshire,2022,5607,5200,244,10,42,406,111,1752,1696,1015,653,297,118,76,116,516,1308,625,2839,17,123,2,573629.4,0.86587884,0.012851635,0.000726761,0.02617416,0.045497126,0.048871477,0.244944645,0.178836121,0.161404283,0.14000366,0.173828079,0.179892887,0.112990878,0.053044093,0.469454647,0.082,0.063,1.301587302,0.618687164,0.6582283,0.939927931,0.025,89992,0.413034993,0.945349246,14.19613576,8.3,1046.923178,3309.786969,2398.705794,279.7339228,1555.645611
New Hampshire,2023,5145,4726,256,7,37,370,119,1589,1522,959,573,296,133,73,78,260,1183,524,2565,12,128,0,578627.8,0.864750573,0.014009446,0.001151168,0.025612423,0.046681512,0.047794878,0.246889346,0.175253289,0.164158901,0.139819618,0.164891178,0.18843288,0.115416772,0.052027362,0.450778179,0.082,0.062,1.322580645,0.628436749,0.664777696,0.945333685,0.026,96838,0.40748328,0.943745908,14.14878876,10.3,944.5034823,3158.055139,1050.896719,249.6616078,1369.801112
New Hampshire,2024,5543,5105,230,2,64,431,142,1756,1584,1084,620,289,140,70,82,250,1332,578,2773,14,176,0,580894,0.863996701,0.013094806,0.000714675,0.026706278,0.050326749,0.045160791,0.248052211,0.172352032,0.162115952,0.145483751,0.159540582,0.189708832,0.115247159,0.055551691,0.482022219,0.081,0.063,1.285714286,0.628024048,0.663732427,0.946200641,0.028,99782,0.415183496,0.950461208,14.20654217,9.6,1017.154141,3023.652494,481.7530963,412.5434705,1474.285189
New Jersey,2021,8518,4492,3567,22,210,2304,227,3404,2498,1361,806,315,91,43,187,509,3481,873,5087,40,43,0,3725502.4,0.521067472,0.123179992,0.000648313,0.099100153,0.214913895,0.041090176,0.655617734,0.187854452,0.168392134,0.163714858,0.17742031,0.158475069,0.093113752,0.051029426,0.54803319,0.113,0.091,1.241758242,0.607350697,0.656248544,0.92548883,0.081,89296,0.431025943,0.909809316,13.94634954,5,231.398712,777.2810688,910.8630883,56.88007001,287.7617938
New Jersey,2022,19296,11036,7324,39,424,5504,473,7325,5597,3304,1962,763,256,89,422,1111,6761,1999,10593,72,209,0,3731190,0.514643803,0.12002463,0.000923913,0.099716693,0.219017051,0.045673909,0.660736997,0.188867519,0.168536368,0.163313775,0.17112034,0.157142342,0.099359316,0.051660341,0.519934549,0.106,0.087,1.218390805,0.609405848,0.661927473,0.920653504,0.05,96346,0.435284007,0.907130008,13.93093048,5.2,574.7216789,1635.424859,1131.321822,113.9595235,673.5240894
New Jersey,2023,23537,13527,8691,58,524,7226,737,8558,7156,4040,2252,1053,334,144,403,678,7947,2284,12766,71,271,1,3745328,0.506163758,0.120161243,0.000845133,0.101205047,0.22660489,0.045019929,0.66573978,0.185459967,0.17044116,0.163486753,0.168198126,0.160360318,0.09981442,0.052239256,0.523363819,0.108,0.086,1.255813953,0.621782607,0.669166783,0.929189288,0.047,99781,0.437759106,0.906693988,13.94258419,5,713.5437177,1931.147652,1832.369592,138.2417614,851.4101483
New Jersey,2024,26247,15121,9449,65,697,8371,915,9516,7898,4608,2488,1180,385,172,429,818,8355,2579,13865,83,359,0,3833050.4,0.494946084,0.12171636,0.000723619,0.105417083,0.234659401,0.042537453,0.672225747,0.188143972,0.17447265,0.1622326,0.164042535,0.155720821,0.10267565,0.052711772,0.513381434,0.101,0.082,1.231707317,0.625817226,0.668729053,0.935830772,0.054,104294,0.445471056,0.903613752,13.93851124,4.6,797.0362815,2025.313993,2343.467124,172.495295,930.6681565
New Mexico,2021,14539,10434,524,2806,57,6637,718,5229,4153,2685,1463,694,242,73,1681,675,4068,1137,7277,122,77,4,830762.2,0.349129935,0.016609661,0.081407379,0.014981022,0.500613221,0.037258782,0.618979001,0.20081667,0.170516587,0.153758512,0.14862309,0.169864451,0.105117064,0.051303627,0.48806183,0.198,0.171,1.157894737,0.533895172,0.569285482,0.93783381,0.078,53992,0.300527593,0.874810158,13.37740262,22.7,3597.385809,3797.465094,4149.035651,457.9907283,1595.852598
New Mexico,2022,20434,14969,772,3041,68,8506,1584,7129,5926,3747,2116,1017,396,103,2107,861,5174,1540,9598,187,203,2,840905.2,0.348016225,0.017446284,0.081296751,0.0169731,0.501511822,0.034755818,0.618961012,0.203224558,0.168325122,0.152765525,0.149136642,0.160492215,0.115213559,0.05084238,0.441288166,0.192,0.159,1.20754717,0.542296333,0.585054655,0.92691568,0.048,59726,0.304582043,0.880051255,13.39826471,27.8,5115.007307,5262.199686,4448.321751,476.4317598,2016.959442
New Mexico,2023,21753,16102,937,3019,95,9535,1600,7743,6077,3893,2311,1191,428,110,2394,687,5477,1564,10215,204,236,13,844574,0.359324357,0.017495038,0.082684165,0.016989923,0.485941209,0.037565309,0.625904591,0.1976266,0.170297184,0.152360902,0.139824164,0.162640378,0.122501698,0.054749074,0.446925021,0.192,0.163,1.17791411,0.543095237,0.586433503,0.926098585,0.048,62268,0.316480599,0.874987849,13.38724944,27.5,5305.855981,6341.426938,4323.177434,662.055636,2323.267729
New Mexico,2024,22444,16605,805,3430,86,9742,1518,7637,6572,4073,2279,1248,471,164,2050,736,5609,1729,10684,166,286,7,852638,0.350620301,0.019994311,0.082667529,0.018928241,0.491139563,0.036650055,0.626912137,0.198142187,0.173482918,0.15470383,0.137922442,0.155215104,0.123894111,0.056639407,0.457159798,0.169,0.159,1.062893082,0.544050155,0.587181625,0.926544925,0.053,67816,0.317830976,0.87871689,13.40425011,25.3,5554.399811,4721.986631,4866.250703,532.8727479,2326.368569
New York,2021,18012,11547,5502,74,147,1990,742,7017,5485,2826,1793,635,200,56,596,756,4493,0,7926,61,91,2,8128073.4,0.534568638,0.133693266,0.001801077,0.086391738,0.194815182,0.048730099,0.648568128,0.196914303,0.174639775,0.152926366,0.167288058,0.157341011,0.098851389,0.052039098,0.526437702,0.149,0.129,1.15503876,0.589657586,0.625422683,0.94281452,0.087,74314,0.399202794,0.88034827,13.6996597,5.3,265.752937,506.3180807,505.4891319,20.93425485,125.6731964
New York,2022,24130,14497,8152,109,196,2769,1176,9274,7213,3995,2353,987,245,63,926,992,6382,1235,13260,141,206,1,8095399.4,0.528985776,0.133852711,0.00178288,0.090271503,0.196537548,0.048569582,0.653119365,0.19959873,0.173254266,0.151842502,0.163786488,0.154922639,0.100982143,0.055613232,0.550723429,0.152,0.132,1.151515152,0.589811665,0.628008707,0.939177529,0.051,79557,0.399975857,0.878981872,13.68953015,5.4,338.528989,752.3132643,755.2071699,26.8205153,174.0360196
New York,2023,82779,23076,31325,275,4232,23778,23871,30728,24910,13694,8022,3917,1130,378,2114,2044,16885,6781,44515,245,432,0,8077036.8,0.527508204,0.133329937,0.001941678,0.090408945,0.197849025,0.048962211,0.65423914,0.195170046,0.173196373,0.153582323,0.160678729,0.156556612,0.105649253,0.055166664,0.52216805,0.154,0.128,1.203125,0.592594949,0.629935785,0.940722789,0.05,82095,0.40639856,0.883271379,13.73464466,5.3,541.6007416,2908.783139,1753.49052,579.5383714,1487.953457
New York,2024,83010,34437,34197,303,4508,24799,9565,29821,25096,14346,7878,4142,1347,380,1869,1947,15951,6943,44556,185,423,1,8206934.6,0.519309418,0.132340322,0.001725805,0.094326552,0.202307234,0.049990668,0.660476006,0.196496696,0.176644624,0.152186628,0.153389246,0.158511225,0.105749401,0.057022179,0.539219875,0.149,0.13,1.146153846,0.595476512,0.629575006,0.945838871,0.053,85820,0.412171481,0.880441148,13.72784739,4.7,808.0126112,3148.580843,2139.291339,582.3297464,1493.625721
North Carolina,2021,74446,34424,37910,733,603,5492,776,30115,20794,11870,7270,3004,990,403,9095,2722,22409,5581,35276,850,743,0,4268328.2,0.609290711,0.198660963,0.008734109,0.030587721,0.101410726,0.05131577,0.575369314,0.20257513,0.172532219,0.15916627,0.155720743,0.154703473,0.106658401,0.048643764,0.45607063,0.146,0.121,1.20661157,0.57272103,0.621961557,0.920830273,0.058,61972,0.349128551,0.896974205,13.63387749,16,1323.667696,4470.78147,1966.199409,461.8621641,1268.787323
North Carolina,2022,73982,34887,36645,951,623,6191,876,28848,20314,12338,7467,3320,1195,500,9178,2788,21344,5632,34375,821,1374,5,4343167.2,0.607303056,0.201481955,0.008576337,0.031877078,0.104196823,0.04656475,0.576473064,0.201835148,0.170044427,0.159359451,0.161769824,0.155230088,0.104880859,0.046880202,0.446985293,0.14,0.115,1.217391304,0.580825312,0.628130341,0.924689152,0.038,67481,0.359190979,0.901965785,13.68932342,17.3,1322.670325,4187.665856,2553.125306,449.9901347,1368.043093
North Carolina,2023,72925,34153,36222,907,687,6621,956,27393,20845,12422,7267,3290,1195,513,8808,1753,20059,5495,33171,763,1441,3,4400943,0.597515886,0.19868652,0.008313606,0.032998043,0.114150157,0.048335788,0.58697384,0.204352774,0.17071364,0.157156605,0.162133924,0.155130265,0.104780007,0.045732785,0.436464805,0.14,0.115,1.217391304,0.585330851,0.631887203,0.926321736,0.04,70804,0.367933471,0.905729403,13.74177648,17.1,1298.774216,4142.459579,2478.974759,473.0671693,1317.957273
North Carolina,2024,72886,34795,35591,758,662,7571,1080,27323,20509,12270,7444,3423,1317,600,8383,1976,19349,5537,32654,750,1418,4,4497551.2,0.589730296,0.194817882,0.007954808,0.035809265,0.119913735,0.051774014,0.595858736,0.202002772,0.166714887,0.162135072,0.166928365,0.155790724,0.102354602,0.044073578,0.430596931,0.136,0.114,1.192982456,0.589896927,0.634256687,0.930060241,0.04,73958,0.371400846,0.908522701,13.79115558,16.4,1311.859382,4061.956395,2118.670345,411.042252,1403.809573
North Dakota,2021,6850,4209,1071,1350,71,307,149,2917,2266,962,458,207,32,8,46,497,1876,518,3104,7,76,0,284359.6,0.822709395,0.028834193,0.044975921,0.014132561,0.041348581,0.04799935,0.316081636,0.232242359,0.183661543,0.147171145,0.143284272,0.152131664,0.090184626,0.051324391,0.569103547,0.127,0.096,1.322916667,0.629077816,0.680853886,0.923954212,0.029,66519,0.317415869,0.936245286,13.6831426,13.8,1799.138405,13062.12318,10555.6701,1766.727566,2611.01803
North Dakota,2022,6683,4290,799,1393,54,314,147,2777,2170,1031,512,154,25,14,53,495,1803,611,3064,13,110,5,291125,0.820388804,0.032628349,0.042671197,0.015746971,0.043930082,0.044634596,0.319906703,0.231060928,0.184117975,0.150808308,0.135333976,0.153641849,0.092378497,0.052658467,0.57002949,0.13,0.1,1.3,0.645151996,0.686589176,0.939647781,0.022,71970,0.318270116,0.938658005,13.69550065,16.8,1796.213954,8411.475394,11213.38644,1177.923892,2455.207107
North Dakota,2023,6782,4340,881,1371,52,422,138,2772,2183,1147,464,151,45,20,51,247,1856,559,3173,11,68,2,292666,0.814633014,0.029854859,0.042918592,0.014650618,0.048766083,0.049176836,0.328628602,0.234303096,0.186035468,0.14826633,0.127974153,0.151477539,0.100171409,0.051772005,0.51683415,0.115,0.082,1.402439024,0.653759636,0.694461044,0.941391373,0.029,76525,0.335523052,0.945352554,13.83172502,16.5,1820.352318,10082.97318,10914.89889,1212.760733,2956.802424
North Dakota,2024,6382,4198,770,1230,56,473,128,2700,1909,1108,452,164,31,18,37,278,1582,517,2761,10,96,2,298003.2,0.803105322,0.034902231,0.0405477,0.019238784,0.050030882,0.052175081,0.346564101,0.228859258,0.18918744,0.152261749,0.123206535,0.14980741,0.098926629,0.057750979,0.583775874,0.126,0.097,1.298969072,0.648938514,0.684138325,0.948548693,0.019,77871,0.339517259,0.941451312,13.8127259,12.8,1754.078409,7403.151023,10179.30106,976.7636311,3172.503091
Ohio,2021,74375,37092,34294,52,357,1113,2580,31196,21449,11799,6373,2629,713,216,5691,3554,17348,4575,29775,639,437,1,4701031.6,0.765526654,0.117799575,0.000940151,0.023800135,0.042878801,0.049054683,0.395279918,0.198190892,0.166030143,0.152049223,0.164767118,0.166118872,0.102282615,0.050561136,0.494327755,0.146,0.121,1.20661157,0.586570433,0.626236692,0.936659318,0.054,62262,0.307208462,0.917428402,13.51983543,15.2,1030.686919,6192.717224,1176.555886,319.0770919,552.1529044
Ohio,2022,76722,39218,33648,65,420,1267,3371,30704,22450,12578,6840,3008,853,289,5230,3895,16773,4812,30267,521,648,0,4698741.4,0.761206945,0.11920688,0.000832337,0.02495624,0.043997061,0.049800537,0.401314364,0.19814885,0.164481267,0.153417488,0.160736787,0.163801974,0.106280103,0.05313353,0.499938641,0.149,0.119,1.25210084,0.588141004,0.631073915,0.93196849,0.037,65720,0.319813271,0.917545338,13.5810047,16.5,1096.481116,6007.259462,1662.006094,358.1694937,612.8742918
Ohio,2023,73057,37317,32056,62,419,1583,3203,28105,21947,12314,6478,3021,902,290,4701,2796,15060,4787,28804,442,806,3,4720367.8,0.756067889,0.117891962,0.000768119,0.025519486,0.048042858,0.051709686,0.40882899,0.195212854,0.167416513,0.152794887,0.157678526,0.166805732,0.106073556,0.054017932,0.509249751,0.147,0.118,1.245762712,0.595749019,0.634717842,0.938604494,0.04,67769,0.320340593,0.918785389,13.59776693,15.7,1045.610871,5760.355608,1709.965477,347.8293787,698.0334596
Ohio,2024,71163,35711,31890,58,446,1825,3058,27493,21163,12089,6179,2995,965,279,4972,2917,14380,4555,27646,494,723,1,4767138.2,0.749543393,0.119361501,0.00116853,0.027380264,0.051074432,0.05147188,0.417928538,0.195598531,0.170291675,0.153203426,0.15042338,0.164851013,0.111703499,0.053928476,0.482782338,0.137,0.116,1.181034483,0.59745667,0.634514982,0.941595844,0.04,72212,0.323511779,0.921776233,13.61558017,15,999.418741,5604.44363,1041.19095,341.6956776,749.5516783
Oklahoma,2021,30093,20259,6111,2775,181,11,767,11036,8645,5404,3127,1296,410,175,2099,2027,7758,3334,14624,246,244,32,1538933.6,0.628391485,0.066619526,0.067622877,0.022330841,0.117202987,0.097832284,0.572306765,0.214058968,0.179717953,0.157330624,0.152082572,0.152482358,0.099009146,0.045318379,0.457719123,0.169,0.143,1.181818182,0.56588225,0.610399774,0.92706825,0.059,55826,0.279247726,0.887111163,13.23224423,20.7,2094.921872,5960.612147,2666.548344,526.6882306,6.098655802
Oklahoma,2022,30843,20800,6108,2870,201,18,864,11068,8833,5552,3279,1438,459,214,1971,2081,7527,3408,14538,214,353,13,1550813.2,0.626250808,0.066805065,0.068075526,0.023053883,0.121073685,0.094741032,0.574546549,0.217071512,0.178000834,0.159158801,0.147609469,0.151756772,0.10068437,0.045718242,0.454074869,0.171,0.142,1.204225352,0.557668626,0.610449307,0.913537978,0.042,59673,0.285184814,0.895583135,13.2975314,21.2,2141.684763,5895.629029,2718.512925,562.2021262,9.586570168
Oklahoma,2023,30974,20496,6559,2920,238,20,761,11230,8677,5590,3367,1395,464,251,1958,1578,7329,3254,14612,218,427,16,1564709,0.617346732,0.066234745,0.066127686,0.023144567,0.129085772,0.098060498,0.583308431,0.214376883,0.179988308,0.16037903,0.145245233,0.15168054,0.100421711,0.047908295,0.477071089,0.174,0.144,1.208333333,0.56061865,0.611731,0.916446364,0.046,62138,0.287141994,0.896768428,13.28827706,20.1,2121.809445,6328.753516,2822.058064,657.1950994,9.90188866
Oklahoma,2024,31928,21058,6803,2861,268,15,938,11442,8840,6025,3355,1500,534,232,1985,1636,7815,3391,15483,217,493,29,1587443,0.610524558,0.063841004,0.065619099,0.025121643,0.134596606,0.10029709,0.590071375,0.214667441,0.177555028,0.16345937,0.143087658,0.153459193,0.098714308,0.049057002,0.496959385,0.159,0.139,1.143884892,0.570933359,0.614807722,0.928637261,0.047,66148,0.293193422,0.902247104,13.33341791,19.9,2172.780442,6712.78322,2746.562302,672.0299281,7.020353971
Oregon,2021,18920,15546,1685,259,373,1861,1057,6644,5336,3398,2162,960,298,122,761,1764,4963,1539,8576,88,73,7,1709557.2,0.720464043,0.017912676,0.006901067,0.04398968,0.140483802,0.070248731,0.453957399,0.189603901,0.181007992,0.162805047,0.151984363,0.157595306,0.109313027,0.047690364,0.436273385,0.129,0.115,1.12173913,0.574651895,0.615839416,0.933119706,0.064,71562,0.363310329,0.918742442,13.78716078,13,1262.184132,5502.446115,2195.330362,495.9916813,774.8836268
Oregon,2022,18653,15319,1596,207,348,2151,1183,6365,5419,3422,2000,1013,316,118,779,1708,4596,1563,8180,85,85,5,1714876.4,0.716385107,0.018449404,0.006933502,0.045112457,0.143754317,0.069365212,0.458891954,0.189791133,0.179235739,0.163936395,0.14810072,0.154536385,0.114162519,0.050237109,0.440049062,0.133,0.109,1.220183486,0.587071336,0.624499639,0.940066735,0.043,75657,0.363424586,0.916359443,13.76945922,14.9,1246.955755,5044.495307,1740.944301,449.8315777,872.5427035
Oregon,2023,19396,15802,1689,289,419,2443,1197,6420,5701,3737,2074,986,360,118,794,1264,4678,1557,8371,92,97,7,1723728.4,0.707976977,0.019511461,0.006136972,0.045235248,0.149187241,0.0719521,0.468870075,0.186189695,0.178294998,0.166881906,0.146934681,0.153800796,0.116642049,0.051255875,0.439428793,0.13,0.114,1.140350877,0.582442379,0.625506871,0.931152647,0.041,80160,0.376519295,0.919788244,13.85003483,14.6,1294.863788,5021.934249,2731.963318,537.3635572,949.9985611
Oregon,2024,19537,15825,1907,270,362,2646,1173,6599,5532,3910,2014,1015,352,115,759,1260,4745,1734,8649,81,133,6,1746734.2,0.701378696,0.018412259,0.006217157,0.048284196,0.155122296,0.070585396,0.476313672,0.185996217,0.180320972,0.16557675,0.146262426,0.147692794,0.118815128,0.055335712,0.465729517,0.127,0.108,1.175925926,0.595013984,0.628900297,0.946118148,0.049,85220,0.378432021,0.923013414,13.88205914,14.2,1291.707927,5929.482534,2486.251774,429.2168301,976.5372005
Pennsylvania,2021,13958,5879,7858,7,171,1433,43,5412,4183,2241,1320,569,163,70,1425,817,3767,636,5591,222,99,0,5251492.4,0.735533617,0.101523165,0.000546357,0.036080606,0.083503959,0.042812296,0.438575433,0.18836825,0.166400758,0.147069621,0.16685498,0.169731263,0.1057918,0.055783327,0.527293485,0.134,0.107,1.252336449,0.584239453,0.624293553,0.935840921,0.064,68957,0.345449029,0.918872685,13.68606611,13.6,152.2012406,1473.886818,243.9713262,90.24840722,326.780688
Pennsylvania,2022,29331,17559,11307,24,334,2852,107,10735,8720,4902,3057,1316,408,193,2131,1684,7470,1982,12423,334,240,0,5271284.4,0.731361559,0.101108556,0.000780912,0.037551935,0.086031168,0.043165869,0.444211917,0.190903436,0.165188842,0.146944534,0.161394499,0.168351635,0.109601057,0.057615997,0.525688337,0.13,0.106,1.226415094,0.5865147,0.628354102,0.933414292,0.043,71798,0.350719273,0.921860795,13.73071679,14.8,455.4610059,2121.499999,583.0324096,168.7320947,628.893714
Pennsylvania,2023,33717,20115,13045,29,383,3985,145,12176,10002,5770,3433,1616,506,214,2259,1194,8066,2188,13625,337,347,2,5275819.4,0.727103957,0.101395552,0.000685868,0.038161248,0.088858831,0.043794544,0.449768172,0.186612402,0.167463996,0.148045686,0.158416261,0.167328093,0.113406806,0.058726756,0.517841548,0.132,0.107,1.23364486,0.586330263,0.627748769,0.93402057,0.042,73824,0.353433745,0.921931029,13.73668799,14.8,524.3648941,2438.570182,801.4335822,190.2331872,850.0369605
Pennsylvania,2024,37462,21378,15348,31,440,4663,265,13552,11217,6458,3548,1854,553,280,2124,1538,8688,2069,14368,252,418,5,5331859.2,0.718748449,0.101277408,0.000701596,0.04142995,0.094245773,0.043596824,0.460643671,0.187143615,0.165470945,0.152451248,0.153038561,0.165332415,0.117139853,0.059423362,0.507285616,0.128,0.103,1.242718447,0.594990345,0.631518315,0.942158494,0.043,77545,0.363667663,0.923528132,13.78164118,13.6,557.8423476,2842.238646,828.6972872,199.1863599,927.9506114
Rhode Island,2021,4786,3556,1038,9,64,1161,119,1968,1362,763,442,185,47,19,159,334,1472,379,2330,25,33,0,454241.6,0.688706748,0.045137412,0.001972417,0.030947144,0.171390367,0.061845912,0.489484439,0.201156453,0.167302756,0.146730167,0.163216855,0.166623665,0.102078245,0.052891859,0.518150163,0.128,0.099,1.292929293,0.613852959,0.651477984,0.942246668,0.077,74008,0.365015049,0.891376974,13.62397216,5.1,1136.685995,5062.602087,1004.516021,455.273627,1491.279013
Rhode Island,2022,4655,3601,907,5,48,1117,94,1757,1346,800,450,197,72,33,107,302,1339,364,2185,13,58,1,454149.4,0.681907118,0.046927315,0.000894185,0.034043012,0.175526225,0.060702145,0.497146577,0.201508918,0.170408413,0.142626486,0.161216413,0.166894091,0.103987047,0.053358633,0.513127686,0.117,0.098,1.193877551,0.612807221,0.645581587,0.949232805,0.045,81854,0.396319156,0.904917944,13.76765216,5.6,1162.784283,4255.815932,1231.243297,310.4663349,1401.239643
Rhode Island,2023,4743,3627,1030,7,68,1147,11,1738,1354,877,471,197,70,36,93,207,1263,366,2118,12,60,2,456946.8,0.676797188,0.048536354,0.001115915,0.033098775,0.180120296,0.060331471,0.502409807,0.195357524,0.171093419,0.148900036,0.157546281,0.170309141,0.10198665,0.054806949,0.537393363,0.127,0.089,1.426966292,0.598325191,0.645650761,0.926700978,0.048,84972,0.390466285,0.895676122,13.66897735,3.1,1172.798413,4644.130714,1372.781078,449.6052272,1393.590335
Rhode Island,2024,4602,3476,1054,8,58,1187,6,1716,1293,746,508,209,97,33,78,174,1199,341,2077,4,75,0,462419.2,0.661300647,0.047658562,0.001581397,0.036611262,0.18787602,0.064972112,0.519548456,0.196467063,0.169945445,0.151100648,0.154250863,0.159988595,0.109494331,0.058753056,0.536585366,0.138,0.105,1.314285714,0.607368895,0.655844163,0.926087216,0.05,83504,0.390030988,0.904185329,13.69518486,4.8,1136.69765,4782.597347,1093.989663,342.5921726,1366.29195
South Carolina,2021,52804,27019,25192,96,160,2063,337,20445,14883,9018,5246,2209,720,283,5860,1510,16109,4391,25389,908,471,0,2116531.2,0.625966608,0.24881938,0.002201435,0.016145206,0.063464212,0.04340316,0.540077668,0.193136601,0.16470802,0.153214057,0.162644124,0.165306453,0.115668423,0.045322321,0.391829678,0.157,0.135,1.162962963,0.552919365,0.596096844,0.927566334,0.056,59318,0.315316983,0.896065694,13.51375946,22,2039.357808,4783.588016,2060.348526,468.2218938,1535.838892
South Carolina,2022,53038,26502,25742,114,245,2279,435,19788,15033,9042,5391,2571,895,318,6146,1444,15723,4375,25063,963,607,0,2161452.2,0.625017558,0.248605147,0.002292796,0.017015754,0.065077952,0.041990795,0.541255374,0.19476412,0.161932913,0.154087611,0.158111324,0.166547598,0.114603633,0.049952802,0.435874502,0.152,0.126,1.206349206,0.564930298,0.607201752,0.930383181,0.044,64115,0.325928628,0.90477178,13.62926005,22.4,1961.737058,4790.562764,2300.34937,666.1457331,1620.185766
South Carolina,2023,54178,26574,26712,134,224,2732,534,19974,15231,9498,5542,2723,923,287,5769,1136,15669,4225,24923,827,730,1,2203853.8,0.619139099,0.242013713,0.001655143,0.017255988,0.074431731,0.045504326,0.550184904,0.191780944,0.163834116,0.15442723,0.156853569,0.165878494,0.118922821,0.048302825,0.406169518,0.153,0.124,1.233870968,0.569425342,0.611153616,0.931722119,0.043,67804,0.329163768,0.902033805,13.56121439,21.3,1947.537905,5008.22291,3673.554573,589.0137152,1665.481432
South Carolina,2024,52536,25951,25685,121,257,2899,522,18924,14838,9235,5453,2768,1022,296,5328,1188,14776,4041,23839,766,816,3,2248268.6,0.616146583,0.233398694,0.002096798,0.019691062,0.079253585,0.049413278,0.5567735,0.190806031,0.163810299,0.15517918,0.151224601,0.167964574,0.120178259,0.050837057,0.423013753,0.144,0.121,1.190082645,0.568215509,0.612711901,0.927377954,0.045,72350,0.333332549,0.90954124,13.6406355,19.1,1873.362654,4894.777482,2566.732334,580.5181314,1626.97584
South Dakota,2021,6240,2686,241,2848,24,220,441,2437,1952,1103,469,192,54,33,201,455,2321,554,3775,30,46,13,334373.8,0.800028145,0.01902776,0.078656341,0.015979879,0.042200148,0.044107727,0.349424392,0.203245565,0.175165648,0.144369966,0.1509116,0.170913363,0.103559308,0.051834551,0.500530101,0.133,0.113,1.17699115,0.630052562,0.666201834,0.945738259,0.028,66143,0.31665529,0.93053083,13.64915977,13.6,1004.080428,3787.888065,10828.64221,449.1645933,1559.108955
South Dakota,2022,6656,2822,257,3045,36,246,496,2511,2186,1157,503,229,40,30,191,472,2399,508,3894,38,94,9,340765.4,0.798929243,0.019842299,0.071075285,0.014149989,0.046635393,0.04936779,0.35145439,0.204520003,0.160481209,0.159620336,0.143114723,0.173873211,0.1052855,0.053105017,0.504390606,0.139,0.111,1.252252252,0.633373714,0.669131687,0.946560634,0.028,69728,0.315842737,0.931697855,13.62472864,14.3,1036.557026,3800.892983,12572.25541,746.6050218,1547.975114
South Dakota,2023,6375,2766,262,2892,43,281,412,2404,1955,1145,557,235,53,26,160,278,2316,541,3798,53,52,48,346242.6,0.793963569,0.023044257,0.072574452,0.015100324,0.050601642,0.044715757,0.359035718,0.201680384,0.171439645,0.153393066,0.146990731,0.163663953,0.109387022,0.053445199,0.488588114,0.128,0.107,1.196261682,0.640297239,0.673301295,0.950981744,0.026,71810,0.332999738,0.934542831,13.71109165,16.1,1006.169388,3283.659232,11508.90547,822.4351995,1603.840625
South Dakota,2024,6172,2806,292,2615,23,332,436,2463,1710,1138,543,224,67,27,176,247,2072,611,3609,40,56,7,347112.2,0.789684741,0.018110264,0.071828946,0.01689145,0.048608745,0.054875853,0.36525114,0.205047936,0.166217288,0.155929705,0.136445025,0.167686338,0.113208619,0.05546509,0.489936989,0.123,0.086,1.430232558,0.640033178,0.679005715,0.942603521,0.028,76881,0.341816729,0.940257919,13.8315343,12.3,1023.679585,4645.026458,10488.23287,392.2753566,1967.676945
Tennessee,2021,78047,42095,35022,132,383,3711,415,32164,21503,12845,7095,3226,976,238,11393,2534,19052,6483,34028,1128,433,3,2807510.8,0.721112802,0.153752184,0.001245552,0.016817539,0.060269227,0.046802695,0.450249339,0.201846067,0.170814512,0.158146526,0.164296342,0.160122904,0.100136767,0.044636882,0.44575917,0.149,0.123,1.211382114,0.563309201,0.612426532,0.919798819,0.053,59695,0.304802356,0.897384025,13.39789467,21.3,2079.24599,8113.312698,3774.771194,811.1756302,2193.178084
Tennessee,2022,74093,39725,33412,124,486,3974,346,29677,20456,12307,7009,3298,1044,302,10620,2682,16292,5973,30629,964,811,1,2842807.6,0.719016062,0.154543414,0.000905785,0.018693896,0.062772333,0.04406851,0.452899554,0.203331417,0.172474092,0.157190039,0.163035098,0.155680532,0.102185348,0.046103473,0.451174988,0.147,0.118,1.245762712,0.574184622,0.624257339,0.919788341,0.034,65254,0.310995438,0.903553535,13.46008903,22.8,1943.470022,7605.092539,4815.585443,914.5110959,2226.958506
Tennessee,2023,74667,39498,34289,133,401,4854,346,29287,20590,12813,7038,3488,1152,299,10936,1801,15029,5931,29357,870,782,0,2875832.2,0.710555927,0.15187619,0.000977059,0.018051666,0.074881755,0.043657403,0.464203834,0.201481549,0.173142963,0.159526707,0.158335336,0.157014601,0.10460505,0.045893793,0.438734012,0.155,0.126,1.23015873,0.57962502,0.626915211,0.924566847,0.04,67631,0.316833426,0.901329429,13.46126241,20.9,1932.917406,7850.57711,4733.335728,772.4378407,2254.032717
Tennessee,2024,73739,38535,34225,144,437,5584,398,29436,20317,12227,6764,3430,1212,353,10666,1883,14367,5597,28531,801,821,0,2921105.4,0.704977621,0.14869081,0.001142403,0.019921829,0.078425374,0.046841963,0.472154704,0.20190837,0.174644645,0.158500373,0.159129111,0.152933388,0.105813326,0.047070787,0.444847437,0.149,0.12,1.241666667,0.585895837,0.632574,0.926209166,0.042,71997,0.324173961,0.905685474,13.52347156,22,1871.254272,7879.743886,4315.150325,750.9395904,2437.482933
Texas,2021,236100,159029,71288,347,3092,90501,2344,97079,67643,39589,20248,8152,2516,873,22273,9700,56749,25793,112164,2190,2265,9,11160355.4,0.393770124,0.116160588,0.001562791,0.051402365,0.401564979,0.035539153,0.666289698,0.224024759,0.194014553,0.174475266,0.157602717,0.133964419,0.08022906,0.035689226,0.444841639,0.155,0.13,1.192307692,0.583768676,0.646478117,0.902998355,0.062,66963,0.331159445,0.853890789,13.15444651,14.2,3618.724667,5498.947888,1989.530257,538.9870854,2019.386845
Texas,2022,232613,158102,68322,424,3404,92700,2361,91862,66774,40482,20705,8984,2902,904,22298,9608,52471,25631,108815,2098,3217,11,11384360,0.389064153,0.116841692,0.00156589,0.053552978,0.401958509,0.037016778,0.669165845,0.227124661,0.192293267,0.175031988,0.153428076,0.134394817,0.081084362,0.03664283,0.451909948,0.155,0.125,1.24,0.592820988,0.655107541,0.904921636,0.044,72284,0.339402868,0.861103495,13.22779863,15.6,3569.501139,5136.344125,2378.46073,558.3381515,2025.768841
Texas,2023,228606,154963,67459,458,3695,92458,2031,88635,66459,40285,20026,9409,2885,907,19502,7915,50585,24816,107102,1861,4032,8,11622794.6,0.387411612,0.11995269,0.00149751,0.05596968,0.397848351,0.037320158,0.672712643,0.222206252,0.193197791,0.175856514,0.1526563,0.134676944,0.084265812,0.037140387,0.440752733,0.15,0.123,1.219512195,0.601558886,0.659581221,0.912031555,0.044,75780,0.342416144,0.863374111,13.26191177,15.7,3441.476582,4838.595803,2631.389782,568.0035577,1999.476801
Texas,2024,231382,156755,68569,452,3708,96718,1898,88824,66986,41292,20396,9664,3245,975,18357,7999,50284,25121,107426,1819,4351,10,11955776.6,0.377781849,0.119783875,0.001673973,0.060432559,0.402747533,0.03758021,0.675659953,0.223338344,0.192650623,0.177806199,0.149126195,0.134336803,0.084592087,0.038149749,0.45098484,0.148,0.12,1.233333333,0.600707234,0.657464439,0.913672587,0.048,79721,0.351638306,0.866874644,13.31130718,14.9,3470.583703,4787.972706,2258.458915,513.2050832,2008.614655
Utah,2021,14857,12410,628,430,373,1927,1016,6143,4083,2509,1330,591,141,60,447,2101,3214,1777,6685,57,114,0,1189517.2,0.760167766,0.009957534,0.005840667,0.024602042,0.147885769,0.051546222,0.396879227,0.2668249,0.197017504,0.173898503,0.135367112,0.121316404,0.072630542,0.032945035,0.453597539,0.093,0.078,1.192307692,0.611399996,0.686526562,0.890570052,0.035,79449,0.368074333,0.931742101,13.8446343,13.6,1372.434433,5301.968212,6189.210923,1274.579561,1095.429934
Utah,2022,15094,12337,641,448,434,2348,1234,6029,4108,2826,1258,643,162,68,426,2170,3050,1695,6371,68,210,0,1214936.4,0.7564677,0.010315014,0.006744853,0.02436938,0.151468883,0.050634169,0.401504218,0.270518771,0.191005545,0.177016358,0.131474064,0.120912889,0.075205939,0.033866434,0.450315945,0.091,0.073,1.246575342,0.625172579,0.699748599,0.893424553,0.027,89168,0.379384428,0.930180546,13.87773678,13.9,1342.349582,5114.870751,5467.036598,1465.857338,1275.913187
Utah,2023,15701,13211,636,406,371,2829,1077,6101,4330,2944,1435,649,193,49,384,1281,2973,1839,6637,41,208,2,1234585.4,0.745487215,0.010221977,0.0069628,0.024355611,0.160032349,0.052940047,0.415089646,0.267735524,0.192096576,0.177929689,0.132387241,0.118979997,0.075814096,0.035056879,0.462405816,0.095,0.086,1.104651163,0.636508546,0.701795498,0.906971544,0.033,93421,0.383869883,0.930830846,13.89448202,14,1435.404674,5039.658162,4723.032958,1233.825506,1431.871453
Utah,2024,15516,13399,690,345,314,2931,768,6302,4267,2799,1312,523,223,90,456,1389,3022,1835,6643,51,283,3,1275319.6,0.730994548,0.011634561,0.005976402,0.026501785,0.169086026,0.055806677,0.433069077,0.270583012,0.188891316,0.179352429,0.132886751,0.115844483,0.07754956,0.034892449,0.449937422,0.088,0.079,1.113924051,0.629314608,0.697810271,0.901841997,0.038,96658,0.391175662,0.936185331,13.95207421,14.8,1437.272827,4650.290197,4526.476379,929.0422983,1359.217843
Vermont,2021,1805,1735,47,2,8,16,13,650,569,301,177,73,29,6,65,146,519,157,865,21,14,0,267146.2,0.906271977,0.010448131,0.001696175,0.017527147,0.020456341,0.043600229,0.175932421,0.19127173,0.1514728,0.138384204,0.170127002,0.181941773,0.113176184,0.053626307,0.473830313,0.109,0.096,1.135416667,0.616172286,0.643107288,0.958117404,0.042,72431,0.444388974,0.945479301,14.33344572,11.6,716.6249539,1683.876546,441.3776488,170.8558121,292.7810925
Vermont,2022,2114,1963,87,5,20,15,39,751,650,390,191,91,32,9,125,128,456,234,916,13,21,0,267511.4,0.901836603,0.00968065,0.001625805,0.01779113,0.022826181,0.04623963,0.18361872,0.186822948,0.153212205,0.140127993,0.154734945,0.188339257,0.11805678,0.058705872,0.49726811,0.114,0.094,1.212765957,0.626553969,0.649778305,0.964258063,0.028,73991,0.442301072,0.94981642,14.3717943,11.9,813.6734537,3359.482938,1149.633089,420.2272086,245.6494003
Vermont,2023,1851,1727,75,6,21,15,22,574,610,339,201,92,30,5,66,86,394,210,818,16,15,0,266826.6,0.892753883,0.011727293,0.001771527,0.017034152,0.024909493,0.051803652,0.199255573,0.178263056,0.153493849,0.144403868,0.156177936,0.183772994,0.12495369,0.058934607,0.47165159,0.102,0.091,1.120879121,0.629143509,0.649340564,0.968896052,0.026,81211,0.436721096,0.95503496,14.32495995,12.2,724.9890838,2396.814179,1269.329438,462.0294453,225.6821698
Vermont,2024,1905,1739,93,3,25,37,45,604,590,372,172,113,39,15,64,105,443,208,893,11,18,0,270673,0.893338864,0.009013204,0.001380123,0.020122037,0.02683298,0.049312791,0.198305875,0.177324771,0.153173368,0.147889521,0.148000266,0.180277718,0.131251504,0.062082853,0.473006793,0.1,0.08,1.25,0.618978216,0.648358796,0.954684691,0.027,82730,0.450961005,0.947057745,14.3548415,12,719.1813514,3812.051957,803.0794719,459.0110377,509.433946
Virginia,2021,57476,31151,24612,54,820,5031,839,22440,16440,9386,5585,2483,867,275,3030,2482,12587,5910,25238,246,515,0,3444457,0.592396747,0.180337143,0.001383548,0.067370347,0.10174984,0.056762375,0.598428935,0.203305202,0.176220524,0.163498651,0.165124316,0.152865712,0.094832028,0.044153566,0.465597614,0.11,0.092,1.195652174,0.604691268,0.652344787,0.92695041,0.048,80963,0.418071198,0.913848181,14.02451675,13.4,1526.64676,3962.241605,1133.127453,353.3656259,1435.488821
Virginia,2022,58295,31944,24340,61,932,5714,1018,21834,16951,9932,5808,2542,893,335,3222,2407,12014,6030,25340,259,864,0,3474380.8,0.586751906,0.183654419,0.001351741,0.06942739,0.10430559,0.054508955,0.603320383,0.203590123,0.175295816,0.162484062,0.1625597,0.150087656,0.099018354,0.046964289,0.474298826,0.117,0.094,1.244680851,0.605250557,0.653296887,0.926455595,0.036,85873,0.421830734,0.915405011,14.0410679,14.3,1566.958057,3814.536501,1298.8498,386.3737891,1576.722393
Virginia,2023,60728,33354,25566,56,970,6484,782,22249,17486,10372,6213,2977,1014,417,2834,1606,12547,6106,26673,234,1035,1,3496751.6,0.580750733,0.180798027,0.001322786,0.068875952,0.111299061,0.056953442,0.609663838,0.198991129,0.176163399,0.164399539,0.158849718,0.153051071,0.101041968,0.047503176,0.470133125,0.114,0.09,1.266666667,0.610003872,0.652656427,0.934647766,0.037,89931,0.424253467,0.91445453,14.03989738,15.1,1642.454606,4043.936389,1210.69195,402.7535131,1666.044985
Virginia,2024,59711,32602,25241,66,953,6841,849,21649,17233,10394,5884,3080,1103,368,2651,1535,11529,6016,25432,226,1104,2,3548202,0.574361593,0.17910204,0.001496392,0.071102955,0.115515886,0.058421134,0.616216401,0.198386669,0.176291268,0.166392039,0.152698496,0.153693558,0.103427263,0.049110706,0.474833278,0.107,0.088,1.215909091,0.609752152,0.652271855,0.934812912,0.036,92090,0.433413471,0.917111196,14.07736714,13.8,1599.744094,3971.894349,1243.054647,377.7434253,1669.050744
Washington,2021,36783,26091,4913,873,1559,3476,3347,13133,10361,6402,4116,1850,657,264,2001,2618,8739,3360,16789,157,183,63,3026702,0.643020035,0.038577837,0.007990756,0.0935662,0.13686499,0.079980183,0.551089644,0.201747461,0.192468278,0.16394614,0.154870248,0.150235238,0.09455925,0.042173385,0.445999571,0.109,0.089,1.224719101,0.588312777,0.638803603,0.920960331,0.059,84247,0.389669309,0.923478319,13.8996495,10.9,1340.591793,4207.646313,3609.580322,550.5001728,839.1077534
Washington,2022,39544,27984,5061,899,1700,4032,3900,13584,11193,7310,4298,2129,745,285,2839,2630,8755,3494,17248,205,245,55,3059555.4,0.634676576,0.038472288,0.008865386,0.097078445,0.140424229,0.080483075,0.560006218,0.202141868,0.195701278,0.160941761,0.150322143,0.147490072,0.098753866,0.044649012,0.452124193,0.109,0.091,1.197802198,0.589142335,0.647195637,0.910300226,0.041,91306,0.394808133,0.921667527,13.93541453,11.2,1441.116201,4299.61927,3314.390845,572.3580412,938.4694809
Washington,2023,39763,27929,5315,906,1598,4556,4015,13390,11320,7450,4270,2218,796,319,2740,1906,8464,3699,17392,195,334,61,3081764.8,0.624296802,0.03901391,0.007938174,0.098913077,0.146166202,0.083671834,0.570519072,0.197057431,0.197473183,0.164192768,0.146085976,0.149378886,0.100289912,0.045521844,0.453902519,0.116,0.091,1.274725275,0.598745749,0.65067968,0.920185104,0.045,94605,0.404510672,0.923611695,13.99072924,12.6,1451.659583,4420.631365,3703.463708,524.2320543,1011.433334
Washington,2024,39598,27722,5425,894,1596,5061,3961,13361,11408,7359,4142,2174,833,321,2385,2039,8456,3735,17579,177,357,64,3151594.6,0.614725352,0.039326705,0.007737196,0.106180056,0.150099897,0.081930793,0.57998945,0.197980738,0.198376034,0.166780359,0.143168701,0.144110532,0.103100035,0.0464836,0.450859202,0.108,0.09,1.2,0.60386858,0.650137246,0.928832464,0.049,120265,0.410171252,0.922682217,14.01620699,13,1430.912532,4377.053293,3666.262633,476.9354336,1069.856662
West Virginia,2021,7602,6347,734,5,21,52,495,2570,2097,1529,810,432,128,36,481,427,2402,826,4273,51,49,0,719972.4,0.903558074,0.028214334,0.001042088,0.007850994,0.017022265,0.042312246,0.180643951,0.179745575,0.146808693,0.156442413,0.166000848,0.175927267,0.120082366,0.054992838,0.457959313,0.187,0.149,1.255033557,0.491887738,0.526301462,0.934612144,0.062,51248,0.241171641,0.888206385,13.13140736,18.1,975.6556843,3613.353144,666.4226686,371.5170941,424.2971828
West Virginia,2022,7079,5880,698,5,27,73,469,2297,2005,1456,778,374,125,44,432,365,2231,803,4061,68,61,1,718718.8,0.898021357,0.033456215,0.001059062,0.007398786,0.019346469,0.040718112,0.19035021,0.18377386,0.14444761,0.155956514,0.162333154,0.172909303,0.122491286,0.058088274,0.474223726,0.193,0.166,1.162650602,0.4967233,0.528382981,0.940081945,0.047,54329,0.247975947,0.891371223,13.15182731,17.3,911.0278545,2902.816688,656.8854067,507.7434071,525.0034329
West Virginia,2023,8155,6587,864,1,27,85,676,2699,2183,1648,963,443,174,45,411,333,2341,880,4430,69,108,0,714654.4,0.894285596,0.031586304,0.000851943,0.007051695,0.021375979,0.044848483,0.196736806,0.180553172,0.148118724,0.155016606,0.16224215,0.167367542,0.127700487,0.059001318,0.462028921,0.184,0.148,1.243243243,0.513119695,0.543570055,0.9439808,0.045,55948,0.239893934,0.889835684,13.09505177,16.4,1030.659844,3827.532259,164.2454658,535.7647944,556.4124509
West Virginia,2024,7813,6332,721,2,17,62,741,2511,2159,1557,892,441,182,71,447,325,2234,872,4259,60,64,0,719177.4,0.888603198,0.031378338,0.001685331,0.006835109,0.023165247,0.048332777,0.206477511,0.181443569,0.152919538,0.149995135,0.156558872,0.172695107,0.129168609,0.057219169,0.442980451,0.186,0.148,1.256756757,0.511199006,0.548927348,0.931268971,0.046,60798,0.243779997,0.900702221,13.13947311,16.8,990.8251073,3194.98848,165.0094266,345.8338069,372.1505995
Wisconsin,2021,25784,14684,9835,538,297,2144,430,11330,7330,4086,1985,745,241,67,2651,1802,11400,1886,15643,599,188,3,2321447.8,0.789758762,0.06065885,0.005232951,0.029491471,0.074852423,0.040005543,0.364501143,0.19768524,0.162226288,0.151471658,0.169443378,0.16829429,0.10109512,0.049784026,0.492447376,0.118,0.098,1.204081633,0.615676548,0.65052984,0.946423223,0.035,67125,0.325409148,0.933255306,13.67701067,12.2,800.9234333,6984.274006,4428.704311,433.8115309,1233.843266
Wisconsin,2022,25367,14669,9322,614,290,2470,472,10572,7553,3944,2093,861,248,96,2579,1768,10737,1914,15024,511,316,2,2333643.2,0.789817598,0.058663676,0.005729618,0.029230524,0.075862374,0.040696209,0.364448201,0.199412075,0.160054826,0.149373263,0.162761779,0.170614225,0.105213095,0.052570737,0.499659641,0.119,0.096,1.239583333,0.61385339,0.651219593,0.942621192,0.028,70996,0.332254127,0.934817904,13.71446912,13.5,795.8647081,6809.345484,4592.067332,425.1350791,1395.198717
Wisconsin,2023,25794,14972,9444,492,363,2511,523,10492,7586,4249,2117,969,272,109,2361,1041,10550,1984,15129,437,350,11,2346468,0.783902432,0.057991644,0.005936943,0.030068238,0.080879316,0.041221427,0.37295393,0.196256417,0.162094957,0.151167306,0.157846231,0.170837935,0.1087169,0.053080254,0.488242899,0.116,0.098,1.183673469,0.620640434,0.652429316,0.951276129,0.028,74631,0.337542782,0.936611198,13.73183842,14.1,813.9602017,6940.262897,3531.730757,514.498378,1323.105903
Wisconsin,2024,26303,15416,9483,614,337,3033,453,10660,7461,4526,2210,1023,302,121,2118,1067,10351,1957,15314,439,331,8,2377469.8,0.777547465,0.059460072,0.005793348,0.030773489,0.083862791,0.042562836,0.382059306,0.196722148,0.16206367,0.153397285,0.149245228,0.17124671,0.113052563,0.054272395,0.480063378,0.117,0.09,1.3,0.621895192,0.653619424,0.951463755,0.031,77488,0.345559811,0.937142163,13.77785037,12.7,833.9303559,6708.189319,4457.832491,460.6150819,1521.206209
Wyoming,2021,2698,2321,93,257,10,259,17,1074,853,414,221,91,29,16,59,198,662,317,1276,12,22,4,218632.2,0.815486444,0.009834089,0.016126385,0.008134028,0.10554541,0.044873644,0.321405451,0.192052681,0.181848923,0.153432094,0.147462904,0.17610562,0.102339502,0.046758276,0.456893726,0.127,0.102,1.245098039,0.599732286,0.652705027,0.918841224,0.037,65204,0.292446149,0.935864099,13.62153596,25.9,1301.800007,4325.483794,7289.235381,562.3157035,1122.396459
Wyoming,2022,2666,2204,89,352,12,321,9,966,865,424,228,139,28,16,95,158,638,318,1293,8,19,3,221183.4,0.813958488,0.006862969,0.016493487,0.006152592,0.108023826,0.048508637,0.323092354,0.192852187,0.176670956,0.154305555,0.152405083,0.171325738,0.108034907,0.044405575,0.411029879,0.132,0.105,1.257142857,0.610696311,0.657796056,0.928397647,0.038,70042,0.295565739,0.937283014,13.63834556,26.1,1224.212485,5863.074866,9648.896575,881.8010262,1343.485389
Wyoming,2023,2941,2460,77,376,25,319,3,1139,809,573,237,117,43,23,79,109,786,348,1436,11,51,2,223407.4,0.812651847,0.006507926,0.015981317,0.00783314,0.10752204,0.04950373,0.325226253,0.191625065,0.179766462,0.156596122,0.135726758,0.172867935,0.11049742,0.052920237,0.478927356,0.127,0.098,1.295918367,0.590276517,0.63538473,0.929006457,0.032,72415,0.304259223,0.939225411,13.65848217,20.6,1354.98044,5296.031564,10531.1967,1428.586579,1327.992533
Wyoming,2024,3055,2615,64,342,32,374,2,1164,908,521,282,113,41,26,93,157,725,315,1380,20,49,2,227548.2,0.804674125,0.007353417,0.01441753,0.009073922,0.110667134,0.053813872,0.337012131,0.192698446,0.169550496,0.163524971,0.136757818,0.162969932,0.124337462,0.050160875,0.403425276,0.109,0.094,1.159574468,0.610413474,0.649032328,0.940497796,0.034,75532,0.322833607,0.944227838,13.7473372,21.5,1428.164562,3824.876129,10424.65852,1549.820968,1485.181514