state,year,2022,2023,2024,total_pop,fem_pop,white_pop,black_pop,nat_amer_pop,asian_pop,hispanic_pop,other_race_pop,diversity_index,%_fem_age_18-29,%_fem_age_30-39,%_fem_age_40-49,fem_age_50-59,fem_age_60-69,fem_age_70-79,fem_age_80+,age_coef_variation,fem_poverty_rate,male_poverty_rate,poverty_gender_disparity_score,fem_labor_force_part,all_labor_force_part,labor_force_ratio,unemployment_rate,mhhi,%_at_least_bach_degree,%_at_least_high_school,avg_years_schooling,gun_deaths_per_100k
Alabama,2021,0,0,0,5039877,2593981,0.641533,0.257599,0.003179046,0.013484,0.04711107,0.037093961,0.51829086,0.189434215,0.159842699,0.156970527,0.161622229,0.166411308,0.1084581,0.057260923,0.527954329,0.179,0.142,1.26056338,0.530470521,0.577143878,0.919130464,0.053,53913,0.274328873,0.879327181,13.24817426,23.6
Alabama,2022,1,0,0,5074296,2613048,0.640519,0.255503,0.002501628,0.015112,0.048573635,0.037790661,0.52043151,0.190983237,0.161319358,0.154198404,0.158653903,0.165791319,0.112951876,0.056101903,0.496688543,0.178,0.145,1.227586207,0.537873136,0.585824454,0.918147292,0.043,59674,0.288003709,0.887969636,13.34770948,26.4
Alabama,2023,0,1,0,5108468,2636667,0.633377,0.253281,0.002564565,0.015046,0.05694584,0.038786579,0.5297026,0.190222074,0.161194971,0.156520641,0.15391651,0.167483148,0.113004081,0.057658575,0.510234454,0.172,0.138,1.246376812,0.54278196,0.58569905,0.926725014,0.04,62212,0.288896694,0.891424526,13.3563246,25.9
Alabama,2024,0,0,1,5157699,2667148,0.628008,0.250834,0.003163814,0.015189,0.059516075,0.043288877,0.5370311,0.197255952,0.166693806,0.157388443,0.156566298,0.161072034,0.109787686,0.051235781,0.46668058,0.173,0.129,1.341085271,0.543484231,0.5920681,0.917942093,0.042,53913,0.298535816,0.895500388,13.42296164,25.6
Alaska,2021,0,0,0,732673,349552,0.578901,0.028778,0.134611211,0.063618,0.071370175,0.122721869,0.6217239,0.218806639,0.203815498,0.159917947,0.154560343,0.158451674,0.077781314,0.026666585,0.342840499,0.107,0.103,1.038834951,0.619996837,0.659223338,0.940495885,0.07,77845,0.327906311,0.933117735,13.69826608,23.5
Alaska,2022,1,0,0,733583,347916,0.574037,0.028169,0.127175793,0.061213,0.077006964,0.132398106,0.62630764,0.22211977,0.205674134,0.15921498,0.153619645,0.152790177,0.078309658,0.028271635,0.361023604,0.118,0.103,1.145631068,0.619273692,0.670377161,0.923769078,0.046,88121,0.305888173,0.933221999,13.61465032,25.2
Alaska,2023,0,1,0,733406,347551,0.576599,0.027646,0.1301871,0.058506,0.074801679,0.132259622,0.62330995,0.218492172,0.203883616,0.167707929,0.14305265,0.148721083,0.089367367,0.028775184,0.321987597,0.108,0.102,1.058823529,0.625804659,0.668194834,0.936560157,0.048,86631,0.32235185,0.932250371,13.64164635,22.7
Alaska,2024,0,0,1,740133,349832,0.570046,0.024054,0.134605537,0.0592,0.077322589,0.134771723,0.62870324,0.215846929,0.209412446,0.164405261,0.132345662,0.151542288,0.094144553,0.032302862,0.343119816,0.106,0.096,1.104166667,0.620506026,0.666443149,0.931071205,0.06,95665,0.327545971,0.934062226,13.7730738,23.5
Arizona,2021,0,0,0,7276316,3646696,0.520081,0.042906,0.033144932,0.032734,0.323120106,0.048013858,0.61879261,0.209143276,0.170917321,0.152691197,0.150968925,0.153120749,0.112899496,0.050259037,0.445166175,0.137,0.118,1.161016949,0.554416267,0.605643378,0.915417038,0.058,69056,0.324294113,0.889692723,13.47792491,16.7
Arizona,2022,1,0,0,7359197,3680816,0.518343,0.043817,0.032841627,0.034925,0.324562585,0.045510808,0.61969033,0.2122296,0.169802172,0.151848471,0.14753241,0.151066143,0.114821379,0.052699825,0.458972235,0.134,0.115,1.165217391,0.555264798,0.607155336,0.914534989,0.043,74568,0.329689832,0.891514579,13.48063501,18.3
Arizona,2023,0,1,0,7431344,3722672,0.522728,0.04507,0.031408989,0.034887,0.315798596,0.050106952,0.62028122,0.206063775,0.170243796,0.152443204,0.145473139,0.152426791,0.117914455,0.05543484,0.470127603,0.134,0.115,1.165217391,0.561719311,0.607494261,0.924649577,0.043,77315,0.335151626,0.893759609,13.51393135,20.5
Arizona,2024,0,0,1,7582384,3799501,0.511989,0.04435,0.031041293,0.038175,0.321226279,0.053218618,0.62746082,0.207344008,0.170603074,0.153489015,0.141121861,0.153059632,0.117844083,0.056538326,0.47977229,0.124,0.11,1.127272727,0.564259187,0.613958526,0.919050983,0.046,81486,0.347343035,0.897350407,13.60646239,18.5
Arkansas,2021,0,0,0,3025891,1532210,0.682223,0.147319,0.00366074,0.014075,0.081840688,0.070881601,0.50093497,0.201500869,0.171332257,0.155953297,0.162523661,0.154307044,0.106413614,0.047969258,0.450781209,0.178,0.148,1.202702703,0.543383706,0.585688774,0.927768689,0.055,52528,0.252744799,0.88669438,13.0814658,22.6
Arkansas,2022,1,0,0,3045637,1541149,0.67471,0.143036,0.004163333,0.015626,0.083862916,0.078600963,0.51083427,0.203744684,0.164980225,0.159817875,0.156921236,0.159103081,0.104942676,0.050490223,0.481121934,0.185,0.15,1.233333333,0.5299629,0.577713322,0.917345819,0.045,55432,0.254082865,0.89141019,13.13179424,23.3
Arkansas,2023,0,1,0,3067732,1555531,0.671132,0.143108,0.003787815,0.016415,0.091239717,0.074317444,0.51497076,0.203033067,0.167283514,0.161864125,0.150648202,0.160366106,0.105229567,0.05157542,0.490122892,0.172,0.14,1.228571429,0.54250288,0.587512175,0.923390021,0.042,58700,0.261767811,0.892506883,13.17796044,22.1
Arkansas,2024,0,0,1,3088354,1570828,0.665683,0.140563,0.004256313,0.017672,0.095413609,0.076412549,0.52183541,0.202291246,0.166981152,0.162246508,0.149317064,0.156868552,0.111159068,0.051136411,0.460029144,0.169,0.141,1.19858156,0.548193368,0.589848236,0.929380363,0.038,62106,0.271173172,0.892940291,13.21279953,21.9
California,2021,0,0,0,39237836,19618902,0.342571,0.052782,0.002448377,0.149666,0.401515721,0.05101632,0.69363549,0.209675884,0.190152255,0.165785883,0.162289132,0.140450044,0.087057963,0.044588839,0.512174161,0.133,0.113,1.17699115,0.577879806,0.633556348,0.912120615,0.083,84907,0.361867871,0.844485345,13.22193646,8.5
California,2022,1,0,0,39029342,19492917,0.337193,0.05189,0.002639809,0.152651,0.403086068,0.052540394,0.6950601,0.210337505,0.188396274,0.164862697,0.158273272,0.141296305,0.089931985,0.046901961,0.521527027,0.132,0.112,1.178571429,0.583538081,0.639379923,0.912662504,0.053,91551,0.361867871,0.844485345,13.22193646,9
California,2023,0,1,0,38965193,19514495,0.332672,0.051452,0.002631785,0.15508,0.404474758,0.053689071,0.69614266,0.204818,0.19002572,0.164980917,0.156811987,0.143217181,0.092200973,0.047945223,0.520007773,0.13,0.11,1.181818182,0.589590145,0.642678049,0.917395804,0.055,95521,0.374877886,0.848191054,13.3015895,8.7
California,2024,0,0,1,39431263,19756160,0.325686,0.050932,0.002683505,0.158343,0.40752471,0.05483025,0.69717198,0.204342694,0.188720401,0.167323138,0.153261036,0.142366308,0.09531646,0.048669964,0.510614475,0.128,0.108,1.185185185,0.590277625,0.642053735,0.919358603,0.059,100149,0.38123649,0.848480966,13.31538306,8
Colorado,2021,0,0,0,5812069,2869032,0.651793,0.037408,0.003284717,0.03114,0.222504929,0.053869285,0.52037567,0.210887622,0.198544562,0.167074747,0.151440645,0.147218649,0.086072497,0.038761278,0.450332911,0.106,0.088,1.204545455,0.630102304,0.680595328,0.925810504,0.053,82254,0.444154096,0.924342178,14.15364764,15.4
Colorado,2022,1,0,0,5839926,2879030,0.649541,0.037801,0.004005017,0.031277,0.225167579,0.052208025,0.52224743,0.21367563,0.197100041,0.166653968,0.147029645,0.144710744,0.090801013,0.04002896,0.44084266,0.102,0.087,1.172413793,0.638887298,0.688600652,0.927805247,0.035,89302,0.459140589,0.930321322,14.24557958,17.8
Colorado,2023,0,1,0,5877610,2897502,0.644707,0.036867,0.003299641,0.032804,0.227358399,0.054963497,0.52719372,0.20990857,0.200728963,0.165871323,0.144471641,0.144452138,0.095004059,0.039563307,0.416438066,0.101,0.086,1.174418605,0.647334628,0.68967801,0.938604128,0.038,92911,0.464328872,0.93280877,14.28808405,17.3
Colorado,2024,0,0,1,5957494,2940775,0.636099,0.039544,0.003777763,0.034079,0.232135861,0.054364973,0.53579671,0.208459602,0.20119639,0.168590989,0.139882401,0.142775582,0.096983141,0.042111896,0.434218726,0.105,0.087,1.206896552,0.638019203,0.687082526,0.928591804,0.043,97113,0.47766377,0.931635767,14.33158849,16.6
Connecticut,2021,0,0,0,3605597,1837552,0.627463,0.098528,0.001004272,0.047152,0.176701112,0.049151084,0.5607185,0.195530461,0.159131621,0.151342222,0.176373532,0.165153092,0.097802943,0.054666128,0.558941548,0.108,0.094,1.14893617,0.61400919,0.656328816,0.935520695,0.067,83771,0.421275691,0.911145386,13.95923454,6
Connecticut,2022,1,0,0,3626205,1849516,0.619632,0.097615,0.000945341,0.047689,0.181726626,0.052391963,0.56848274,0.194913343,0.162147446,0.150781876,0.172545563,0.162091331,0.102880014,0.054640427,0.531108275,0.11,0.086,1.279069767,0.612741381,0.656746879,0.932994736,0.047,88429,0.418988303,0.915120219,13.97468085,6.7
Connecticut,2023,0,1,0,3617176,1841458,0.613576,0.09933,0.000847623,0.048155,0.186125585,0.051965954,0.57399565,0.189893245,0.159773858,0.154848551,0.164710588,0.167719363,0.106179866,0.056874529,0.535643254,0.113,0.093,1.215053763,0.627779867,0.663927105,0.945555411,0.046,91665,0.429042369,0.917570145,14.08299237,7
Connecticut,2024,0,0,1,3675069,1870173,0.604347,0.099394,0.001022022,0.047057,0.192324552,0.055854734,0.58256122,0.192462258,0.163966192,0.153167531,0.160218927,0.164976835,0.106424423,0.058783834,0.552352853,0.116,0.088,1.318181818,0.622272913,0.661061185,0.941324234,0.049,96049,0.425653614,0.918125825,14.04507617,6.2
Delaware,2021,0,0,0,1003384,517476,0.593205,0.204525,0.002141752,0.040794,0.10087165,0.058463161,0.59101611,0.181713289,0.160594831,0.145505181,0.162373047,0.18583744,0.112638407,0.051337805,0.455775316,0.13,0.101,1.287128713,0.570383694,0.60056253,0.949749053,0.056,71091,0.356195437,0.913562573,13.7598326,14.3
Delaware,2022,1,0,0,1018396,523739,0.588521,0.216036,0.001252951,0.040603,0.103397892,0.05018971,0.59211175,0.181329673,0.160928506,0.143897668,0.155233847,0.182048674,0.122981411,0.053580221,0.435677392,0.1,0.087,1.149425287,0.588858694,0.627433517,0.938519665,0.043,82174,0.365150592,0.919999006,13.83235618,16.6
Delaware,2023,0,1,0,1031890,532896,0.580321,0.217062,0.001092171,0.042981,0.111080638,0.047463392,0.59967189,0.177600139,0.159307411,0.145803368,0.154803215,0.179311953,0.126419084,0.05675483,0.448941945,0.115,0.094,1.223404255,0.587672236,0.622303034,0.944350588,0.035,81361,0.364632424,0.91384376,13.76675731,12.1
Delaware,2024,0,0,1,1051917,545154,0.565857,0.214091,0.000789036,0.048112,0.116751607,0.054398779,0.61506488,0.178799395,0.161900477,0.145409938,0.148013393,0.183519068,0.124502249,0.05785548,0.464694254,0.103,0.088,1.170454545,0.603366879,0.626051797,0.96376511,0.051,87534,0.359915684,0.91822673,13.7692695,12
Florida,2021,0,0,0,21781128,11066608,0.511444,0.146289,0.000934479,0.027804,0.267704914,0.045823155,0.6424848,0.174516396,0.159076207,0.153285828,0.164137976,0.163452155,0.122390725,0.063140713,0.515894595,0.142,0.12,1.183333333,0.546389662,0.591454705,0.923806435,0.056,63062,0.331608016,0.897948829,13.49929172,13.7
Florida,2022,1,0,0,22244823,11291355,0.508406,0.145697,0.001011651,0.028038,0.27085129,0.045995871,0.64403234,0.17718493,0.159772831,0.150017528,0.161319025,0.161523926,0.124509949,0.065671811,0.527442282,0.138,0.115,1.2,0.551057708,0.596214118,0.924261421,0.04,83410,0.342665022,0.899224498,13.5584697,14.1
Florida,2023,0,1,0,22610726,11494151,0.502887,0.143622,0.001015845,0.029221,0.274062938,0.049191167,0.64809256,0.17320823,0.161147864,0.151707297,0.156704957,0.165922099,0.125256776,0.066052776,0.527338944,0.132,0.115,1.147826087,0.557712667,0.600365081,0.928955872,0.041,73311,0.349162063,0.902477123,13.60817982,14.4
Florida,2024,0,0,1,23372215,11883617,0.490716,0.142934,0.001066651,0.030192,0.286925651,0.048165482,0.6532087,0.174680053,0.16228818,0.154516346,0.154046006,0.162517894,0.1254413,0.066510222,0.53020992,0.131,0.11,1.190909091,0.565606756,0.607754925,0.930649399,0.046,77735,0.358363799,0.903588881,13.65031255,13.7
Georgia,2021,0,0,0,10799566,5529422,0.502263,0.304058,0.00171118,0.04278,0.100330328,0.0488565,0.64099381,0.212988951,0.178008957,0.169584206,0.168168853,0.145211312,0.088578712,0.037459008,0.422889505,0.152,0.128,1.1875,0.593929351,0.6387771,0.92979124,0.055,66559,0.346278982,0.889708721,13.57012877,17.7
Georgia,2022,1,0,0,10912876,5588925,0.496263,0.306907,0.001092563,0.043907,0.103786023,0.048043797,0.64452218,0.214953416,0.176468603,0.168234087,0.166913234,0.142257249,0.092164158,0.039009253,0.423258394,0.138,0.114,1.210526316,0.593929351,0.6387771,0.92979124,0.042,72837,0.346941353,0.895140039,13.59321026,20.3
Georgia,2023,0,1,0,11029227,5650723,0.486579,0.304532,0.001373895,0.044904,0.110848838,0.051761923,0.65351587,0.21068023,0.178800474,0.168321208,0.163465728,0.145278582,0.094332794,0.039120985,0.414712463,0.147,0.123,1.195121951,0.59612674,0.640994132,0.930003428,0.044,74632,0.354155861,0.893350791,13.59412558,20
Georgia,2024,0,0,1,11180878,5739292,0.48009,0.302546,0.001560879,0.048675,0.116198388,0.05092999,0.65951192,0.208892464,0.179485556,0.168283572,0.159253985,0.146012116,0.095877395,0.042194913,0.440092396,0.136,0.115,1.182608696,0.607698386,0.644990318,0.942182184,0.047,79991,0.363102824,0.897803925,13.65330525,18.6
Hawaii,2021,0,0,0,1441553,715949,0.207794,0.018137,0.000985049,0.364536,0.111084365,0.297463916,0.72278073,0.187043807,0.176746981,0.152345526,0.154301331,0.156957958,0.116227683,0.056376715,0.485054101,0.116,0.108,1.074074074,0.59775674,0.633959287,0.942894523,0.077,84857,0.353024948,0.929321798,13.76180083,3.4
Hawaii,2022,1,0,0,1440196,714887,0.206873,0.016444,0.00127066,0.345873,0.111167508,0.318372638,0.72358422,0.18465389,0.172380372,0.155052404,0.150349636,0.157949575,0.115774105,0.063840018,0.551418801,0.108,0.095,1.136842105,0.589806549,0.634690776,0.929281741,0.036,92458,0.35425744,0.928951998,13.7858324,4.8
Hawaii,2023,0,1,0,1435138,715998,0.20891,0.015663,0.000721185,0.360985,0.101112924,0.312607568,0.71785332,0.178270087,0.169342273,0.158018516,0.149138168,0.156398334,0.123307217,0.065525405,0.531399594,0.107,0.096,1.114583333,0.591794056,0.630302886,0.938904246,0.035,95322,0.36999718,0.929914909,13.85908145,4.5
Hawaii,2024,0,0,1,1446146,722223,0.207153,0.016279,0.001425859,0.356036,0.102269066,0.316837304,0.71921428,0.17914422,0.16740597,0.159923079,0.145687122,0.156242741,0.125506805,0.066090063,0.526585496,0.106,0.094,1.127659574,0.600627348,0.641014752,0.936994578,0.034,100745,0.377574922,0.93711601,13.93452096,4.9
Idaho,2021,0,0,0,1900923,946610,0.78671,0.007194,0.00713022,0.013598,0.13252299,0.052844329,0.36044429,0.205696872,0.177282026,0.165461643,0.150294616,0.155950058,0.102066669,0.043248115,0.423724178,0.121,0.099,1.222222222,0.574647053,0.631253822,0.910326454,0.033,66474,0.30715207,0.912598623,13.52525593,17.6
Idaho,2022,1,0,0,1939033,962108,0.789682,0.006121,0.008161285,0.012983,0.135078155,0.04797546,0.35558234,0.216035439,0.168369214,0.165371291,0.148347398,0.152674645,0.103693452,0.045508561,0.438875936,0.115,0.1,1.15,0.570616029,0.623990269,0.914463025,0.03,72785,0.322742619,0.920101736,13.55404014,16.3
Idaho,2023,0,1,0,1964726,976269,0.783781,0.00775,0.006928702,0.013168,0.138267117,0.050105714,0.36377823,0.211137565,0.171754477,0.165180418,0.142857314,0.15424145,0.106780078,0.048048699,0.449978124,0.112,0.09,1.244444444,0.575477074,0.62646272,0.918613439,0.036,74942,0.321425836,0.921597085,13.57701439,17.5
Idaho,2024,0,0,1,2001619,994386,0.778373,0.007171,0.006265428,0.014596,0.14297676,0.050617525,0.37082664,0.213927713,0.173980829,0.160894026,0.139225297,0.151772921,0.10999309,0.050206125,0.456447994,0.117,0.092,1.27173913,0.583517015,0.63235964,0.922761318,0.037,81166,0.330265604,0.924895556,13.63704099,17.9
Illinois,2021,0,0,0,12671469,6407105,0.589344,0.13388,0.00100312,0.056916,0.179721073,0.039135557,0.59767805,0.201267167,0.174608821,0.161380086,0.165444029,0.154128632,0.09546122,0.047710044,0.499784563,0.131,0.11,1.190909091,0.603041811,0.645375439,0.93440465,0.074,72205,0.371399786,0.901725601,13.69759688,14.1
Illinois,2022,1,0,0,12582032,6352997,0.584667,0.131968,0.000826973,0.059394,0.182778585,0.040365578,0.6021831,0.203810971,0.173209549,0.160014283,0.161673922,0.152068193,0.098354795,0.050868287,0.517191731,0.132,0.107,1.23364486,0.603658827,0.649903457,0.928843846,0.048,76708,0.376794969,0.904015363,13.71003823,16.1
Illinois,2023,0,1,0,12549689,6352031,0.578543,0.13097,0.000986877,0.059348,0.189501588,0.040651047,0.60704881,0.199889539,0.17160824,0.163346403,0.157640994,0.15654231,0.098685411,0.052287102,0.529836188,0.127,0.105,1.20952381,0.61320279,0.65394397,0.937699281,0.047,80306,0.382777584,0.905523088,13.73116186,14.4
Illinois,2024,0,0,1,12710158,6429899,0.570922,0.129344,0.001143023,0.063424,0.19376376,0.041403183,0.61403607,0.201665062,0.174666451,0.16224236,0.152688928,0.155398986,0.101569607,0.051768606,0.509685992,0.128,0.104,1.230769231,0.615315655,0.654669372,0.939887646,0.051,83211,0.39230752,0.907185284,13.78064801,13.5
Indiana,2021,0,0,0,6805985,3431054,0.76626,0.087483,0.001366738,0.023719,0.07610963,0.045061222,0.39680428,0.211387657,0.168173882,0.159812974,0.160936604,0.158194424,0.095585657,0.045908802,0.480289649,0.135,0.108,1.25,0.586040781,0.634484011,0.923649407,0.047,62743,0.288792448,0.906410409,13.34784657,17.3
Indiana,2022,1,0,0,6833037,3440370,0.759904,0.091914,0.000858476,0.025301,0.078227002,0.043795168,0.40541869,0.211430586,0.170116369,0.155578934,0.158531139,0.154539651,0.10269305,0.047110271,0.458748384,0.137,0.114,1.201754386,0.589822333,0.638556242,0.923681101,0.036,66785,0.296002583,0.901975805,13.37398123,18.4
Indiana,2023,0,1,0,6862199,3450034,0.751004,0.088453,0.000781528,0.026268,0.087112746,0.046381488,0.41773922,0.209191062,0.169378597,0.158268282,0.156968056,0.156558813,0.100175501,0.04945969,0.493730396,0.138,0.108,1.277777778,0.597132018,0.643755439,0.92757588,0.036,69477,0.30214671,0.904437299,13.40294,17.6
Indiana,2024,0,0,1,6924275,3492511,0.742613,0.089494,0.000854241,0.026909,0.090495539,0.049634222,0.42913829,0.208646952,0.172833908,0.158299304,0.150409768,0.155826459,0.104906989,0.049076621,0.467810784,0.137,0.107,1.280373832,0.598760586,0.641601597,0.933228016,0.041,71959,0.306562609,0.905783924,13.42099214,18.3
Iowa,2021,0,0,0,3193079,1589812,0.829754,0.035142,0.002677666,0.02318,0.066489429,0.04275779,0.30347987,0.209386623,0.164410527,0.150859904,0.154351025,0.16554406,0.10061051,0.054837352,0.545045958,0.124,0.099,1.252525253,0.618837313,0.660928043,0.936315715,0.036,65600,0.305410523,0.933248209,13.57389013,11.2
Iowa,2022,1,0,0,3200517,1592858,0.828026,0.037183,0.001670355,0.0234,0.068121494,0.041599842,0.30606962,0.208952707,0.164668589,0.152604147,0.14997115,0.16015632,0.107879892,0.055767195,0.516937811,0.121,0.098,1.234693878,0.626459981,0.66628976,0.940221536,0.029,69588,0.323131487,0.934697716,13.65250976,11.2
Iowa,2023,0,1,0,3207004,1604691,0.823818,0.039343,0.001601183,0.023449,0.073011446,0.038777314,0.31238858,0.205704596,0.161431477,0.158515084,0.147334767,0.161998218,0.106885231,0.058130628,0.543860245,0.125,0.101,1.237623762,0.626570784,0.662579014,0.945654436,0.028,71433,0.315496728,0.932844202,13.61092214,11.3
Iowa,2024,0,0,1,3241488,1618802,0.811816,0.040608,0.002021911,0.025698,0.078119678,0.041736696,0.33079709,0.208110983,0.162996023,0.157702894,0.1422387,0.159806358,0.110579939,0.058565103,0.529617792,0.125,0.102,1.225490196,0.630620346,0.665423306,0.947698014,0.032,75501,0.320507815,0.9298637,13.62766572,10.5
Kansas,2021,0,0,0,2934582,1459972,0.733648,0.051466,0.003643449,0.028579,0.127351357,0.055312477,0.43900363,0.213194945,0.176373246,0.150567703,0.153048168,0.159064721,0.096987587,0.050763628,0.52340335,0.128,0.106,1.20754717,0.611682727,0.656636343,0.931539555,0.044,64124,0.353967519,0.918943759,13.69975795,16.9
Kansas,2022,1,0,0,2937150,1463359,0.731302,0.050275,0.004107723,0.028969,0.129971571,0.055375109,0.44185505,0.218930803,0.172769304,0.152478174,0.148537647,0.154878013,0.098697908,0.05370815,0.544167061,0.129,0.111,1.162162162,0.609048495,0.656877214,0.927187733,0.036,68925,0.356083194,0.92072512,13.71475419,17.3
Kansas,2023,0,1,0,2940547,1464046,0.727468,0.052216,0.004330147,0.025943,0.136599075,0.053443118,0.44585688,0.216624854,0.167694116,0.159473664,0.142626062,0.157072059,0.104867865,0.051641381,0.492442377,0.123,0.101,1.217821782,0.615076953,0.662341271,0.928640536,0.033,70333,0.358191583,0.916815421,13.72834073,17
Kansas,2024,0,0,1,2970606,1483373,0.718082,0.051233,0.004561359,0.030052,0.14231507,0.053756708,0.45766601,0.21540682,0.170174555,0.159181322,0.139246589,0.156150595,0.108443461,0.051396658,0.473948887,0.119,0.098,1.214285714,0.618468091,0.666490542,0.927947288,0.037,75514,0.360485369,0.920021847,13.75634045,16.3
Kentucky,2021,0,0,0,4509394,2280066,0.826559,0.070992,0.001619286,0.01398,0.039195289,0.04765474,0.30775515,0.20115093,0.1667038,0.158175316,0.167119362,0.161189719,0.09985273,0.045808143,0.458757043,0.18,0.149,1.208053691,0.546744341,0.588362178,0.929264936,0.054,55573,0.269801782,0.87987785,13.20460208,20.1
Kentucky,2022,1,0,0,4512310,2279152,0.822416,0.076057,0.000953392,0.013793,0.041549229,0.04523027,0.31388318,0.202180569,0.164089632,0.159483041,0.161498763,0.162888631,0.103118028,0.046741336,0.453279961,0.181,0.148,1.222972973,0.554997606,0.598606209,0.927149766,0.043,59341,0.278614355,0.890001905,13.28092424,21.1
Kentucky,2023,0,1,0,4526154,2282464,0.815389,0.073828,0.001219799,0.014175,0.048503873,0.046884618,0.32493641,0.200440616,0.169220193,0.156068045,0.161059297,0.158880806,0.107217657,0.047113387,0.439418173,0.183,0.144,1.270833333,0.561832391,0.60288926,0.931899816,0.041,61118,0.278464249,0.895404172,13.29882518,18.9
Kentucky,2024,0,0,1,4588372,2313745,0.803003,0.070272,0.00128259,0.018556,0.055060924,0.051824482,0.344184,0.201245863,0.168516627,0.159870404,0.155578798,0.160107598,0.107459034,0.047221677,0.439438873,0.169,0.142,1.190140845,0.561614074,0.602432513,0.932243964,0.049,64526,0.279440857,0.889818484,13.2789768,18.4
Louisiana,2021,0,0,0,4624047,2363181,0.56891,0.31019,0.00378305,0.017176,0.055381357,0.044559452,0.57476187,0.202905367,0.18139893,0.156896488,0.157176351,0.1600726,0.09582249,0.045727774,0.477213375,0.215,0.176,1.201183432,0.552472803,0.585183353,0.94410205,0.076,52087,0.264459355,0.866771826,13.11077074,26.3
Louisiana,2022,1,0,0,4590241,2342095,0.567121,0.309364,0.004355109,0.017683,0.057124016,0.044353227,0.57710598,0.202912549,0.179494945,0.15428524,0.152968226,0.163314209,0.101382035,0.045642796,0.450205952,0.205,0.165,1.242424242,0.561040751,0.594416144,0.943851806,0.054,55416,0.271341462,0.872975572,13.15393681,29.1
Louisiana,2023,0,1,0,4573749,2337609,0.556767,0.301304,0.004836951,0.017255,0.071495834,0.048340869,0.59145676,0.197585893,0.174116564,0.164688414,0.152149485,0.159968936,0.106024332,0.045466376,0.428829636,0.211,0.165,1.278787879,0.558247293,0.592347138,0.942432666,0.049,58229,0.269915205,0.878108269,13.15722521,28.2
Louisiana,2024,0,0,1,4597740,2355168,0.551504,0.301768,0.003869292,0.017735,0.077783433,0.04734065,0.59615873,0.1978502,0.1759088,0.1658513,0.1448378,0.1600012,0.1091723,0.0463783,0.424817881,0.203,0.169,1.201183432,0.568050233,0.599099254,0.948173827,0.052,60986,0.27836477,0.882307263,13.19510957,28.3
Maine,2021,0,0,0,1372247,698764,0.900387,0.014919,0.003339049,0.012251,0.019112448,0.049991729,0.18605416,0.166609387,0.155638995,0.141098645,0.173314277,0.185468482,0.123831145,0.054039067,0.436393181,0.127,0.103,1.233009709,0.578800847,0.613400202,0.943594159,0.049,64767,0.359878748,0.945280067,13.92339998,10.4
Maine,2022,1,0,0,1385340,700783,0.901752,0.01558,0.0037572,0.011659,0.020729207,0.046523597,0.18385658,0.165948438,0.153536192,0.140445781,0.168596174,0.186732898,0.124061054,0.060679463,0.489109681,0.117,0.098,1.193877551,0.592768139,0.61709945,0.960571491,0.033,69543,0.360686547,0.946446166,13.94690921,12.6
Maine,2023,0,1,0,1395722,710596,0.895185,0.017405,0.003378896,0.010961,0.022342558,0.050727867,0.19513733,0.164689492,0.151437763,0.145511025,0.162064806,0.18810276,0.127653344,0.06054081,0.474259492,0.115,0.092,1.25,0.5828179,0.621079494,0.938395014,0.032,73733,0.369944971,0.949101457,13.96570719,12
Maine,2024,0,0,1,1405012,712324,0.891321,0.019855,0.003419188,0.013324,0.023394106,0.048687129,0.2020466,0.163088368,0.154617041,0.144316551,0.155963437,0.184812066,0.135892724,0.061309813,0.451163323,0.118,0.094,1.255319149,0.588382406,0.618849547,0.950768097,0.027,76442,0.371109589,0.947705259,13.98630385,14
Maryland,2021,0,0,0,6165129,3162038,0.478384,0.290353,0.001276859,0.065721,0.110998975,0.053265877,0.66736465,0.190507608,0.175542785,0.162257975,0.168966953,0.157205657,0.096012699,0.049506324,0.515622671,0.112,0.092,1.217391304,0.625210486,0.665525421,0.939423898,0.059,90203,0.425483589,0.910883494,14.05906568,13.5
Maryland,2022,1,0,0,6164660,3160543,0.471476,0.292135,0.001448579,0.065181,0.114498123,0.055260793,0.67195278,0.190507608,0.175542785,0.162257975,0.168966953,0.157205657,0.096012699,0.049506324,0.515622671,0.107,0.085,1.258823529,0.628354853,0.66996023,0.937898737,0.04,94991,0.438313188,0.914162749,14.11583481,15.2
Maryland,2023,0,1,0,6180253,3180149,0.463249,0.288624,0.00107714,0.065968,0.126424598,0.054656986,0.67877269,0.18635073,0.176366027,0.164886023,0.165441995,0.156572551,0.101784954,0.048597719,0.477454845,0.105,0.085,1.235294118,0.635291993,0.674899268,0.941313798,0.04,121875,0.437469851,0.911579897,14.0946729,13.6
Maryland,2024,0,0,1,6263220,3225078,0.453071,0.286892,0.001605085,0.068913,0.132671054,0.056847436,0.68683436,0.187743403,0.177185194,0.166346056,0.158951516,0.157165156,0.101823715,0.05078496,0.498753752,0.1,0.08,1.25,0.645316633,0.678787244,0.950690571,0.043,102905,0.446892889,0.914233358,14.1365617,12.3
Massachusetts,2021,0,0,0,6984723,3576471,0.674789,0.062649,0.000732456,0.070126,0.128473241,0.063230424,0.5153135,0.204588272,0.172707925,0.150044201,0.169514397,0.156872183,0.096482353,0.049790667,0.516059834,0.115,0.092,1.25,0.631177447,0.667572153,0.94548199,0.066,89645,0.466167621,0.911000242,14.1909266,3.7
Massachusetts,2022,1,0,0,6981974,3562487,0.669814,0.065847,0.000836153,0.071823,0.130484301,0.061195874,0.52108257,0.204929574,0.169724736,0.150734577,0.165239133,0.157541266,0.099608977,0.052221737,0.524267371,0.111,0.095,1.168421053,0.632616059,0.66799886,0.947031645,0.041,94488,0.46645035,0.913337635,14.20641535,3.4
Massachusetts,2023,0,1,0,7001399,3580213,0.659252,0.0652,0.000644014,0.073187,0.134884899,0.066832929,0.53311893,0.201310215,0.172814312,0.151057401,0.158720169,0.16010216,0.104019513,0.051976231,0.499677701,0.115,0.093,1.23655914,0.637271182,0.672093065,0.948188897,0.039,99858,0.477816356,0.913905143,14.2724166,3.7
Massachusetts,2024,0,0,1,7136171,3655032,0.650003,0.063261,0.000777448,0.076444,0.139962313,0.069551865,0.54322331,0.203799882,0.173935405,0.152207425,0.154425335,0.158107661,0.103653555,0.053870738,0.51971915,0.11,0.084,1.30952381,0.639056179,0.671910358,0.95110333,0.041,104828,0.482736481,0.913950025,14.27131399,3.7
Michigan,2021,0,0,0,10050811,5073942,0.728577,0.132266,0.003355351,0.031868,0.05568864,0.048244465,0.44522528,0.200072895,0.160168937,0.149624416,0.167469049,0.169230227,0.104524336,0.048910139,0.467930639,0.141,0.12,1.175,0.565278956,0.608931183,0.928313365,0.069,63498,0.316724506,0.919634762,13.60676258,14.6
Michigan,2022,1,0,0,10034118,5055029,0.726427,0.130601,0.002891236,0.033459,0.057045871,0.049576355,0.4484078,0.201155215,0.161261428,0.147731664,0.162567284,0.168463699,0.106103795,0.052716915,0.496842884,0.146,0.121,1.20661157,0.572580653,0.616064059,0.929417395,0.046,66986,0.321230466,0.91836568,13.60927443,15.4
Michigan,2023,0,1,0,10037261,5071744,0.723472,0.1304,0.003389769,0.033627,0.05962543,0.049485811,0.45243756,0.195850775,0.163768489,0.148744607,0.159901626,0.168413242,0.110157094,0.053164165,0.482621348,0.146,0.123,1.18699187,0.580705152,0.617357058,0.940630943,0.045,69183,0.326756429,0.920321279,13.63789838,15.1
Michigan,2024,0,0,1,10140459,5124917,0.716394,0.128522,0.003296695,0.03732,0.06132178,0.053145129,0.46227377,0.197210789,0.166185205,0.148003993,0.155045041,0.165654211,0.113369195,0.054531566,0.48100867,0.146,0.123,1.18699187,0.577872855,0.616163863,0.937855803,0.045,72389,0.333260447,0.922410463,13.68160835,13.9
Minnesota,2021,0,0,0,5707390,2846722,0.768612,0.067377,0.006821507,0.050311,0.05817703,0.048701596,0.39636216,0.197292693,0.176413116,0.157576172,0.162579643,0.160725883,0.095338718,0.050073773,0.525219703,0.102,0.084,1.214285714,0.650068191,0.683807387,0.950659796,0.049,77720,0.388952642,0.941302348,13.97216487,8.9
Minnesota,2022,1,0,0,5717184,2847546,0.761974,0.069121,0.007368138,0.051564,0.058390634,0.051581863,0.40583422,0.197798732,0.175619184,0.157703966,0.155472347,0.160787755,0.100886479,0.051731536,0.512769764,0.105,0.088,1.193181818,0.642158688,0.67953417,0.944998377,0.032,82338,0.391396085,0.94031463,13.97381848,10
Minnesota,2023,0,1,0,5737915,2867907,0.755577,0.071124,0.007226144,0.051722,0.063954764,0.050396703,0.41468757,0.194047004,0.176301648,0.160273081,0.151532332,0.162498371,0.102431512,0.052916052,0.516599347,0.102,0.083,1.228915663,0.649893326,0.68367517,0.950587874,0.03,85086,0.399892429,0.943214832,14.03733482,9.7
Minnesota,2024,0,0,1,5793151,2895281,0.747297,0.074662,0.007413064,0.052279,0.067050729,0.051298162,0.42605728,0.196314995,0.175222716,0.162992981,0.144995216,0.159890653,0.106549966,0.054033473,0.507118631,0.101,0.086,1.174418605,0.650115416,0.681484541,0.953969426,0.037,87117,0.400304335,0.941979686,14.02989918,8.9
Mississippi,2021,0,0,0,2949965,1514542,0.554353,0.360377,0.004069201,0.00829,0.031820039,0.041090657,0.56003493,0.204749141,0.167288316,0.161264713,0.158429972,0.163350387,0.099445353,0.045472118,0.457257348,0.211,0.175,1.205714286,0.53629026,0.566491133,0.946687827,0.064,48716,0.247775214,0.864854456,13.07450282,28.6
Mississippi,2022,1,0,0,2940057,1513368,0.553043,0.364946,0.004236993,0.008577,0.033052761,0.036143857,0.55846709,0.205389873,0.163164904,0.163255216,0.153022104,0.163124618,0.103209448,0.048833837,0.473152779,0.207,0.175,1.182857143,0.53592658,0.571217089,0.938218745,0.049,52719,0.247634367,0.875962272,13.1135392,33.9
Mississippi,2023,0,1,0,2939690,1514769,0.550721,0.355352,0.004270858,0.009389,0.037379452,0.042887515,0.56708795,0.201561174,0.15815219,0.171633109,0.15366577,0.16256657,0.105299846,0.047121341,0.447496768,0.196,0.163,1.202453988,0.545152493,0.575811369,0.946755348,0.048,54203,0.25537094,0.877570201,13.18568015,29.7
Mississippi,2024,0,0,1,2943045,1521745,0.549524,0.358129,0.003797427,0.01225,0.040274274,0.036025613,0.56668278,0.204606145,0.157022626,0.166366977,0.151430374,0.162680944,0.109741072,0.048151861,0.438777025,0.199,0.155,1.283870968,0.558504969,0.589036849,0.948166435,0.046,59127,0.270174662,0.880017766,13.25713676,29.4
Missouri,2021,0,0,0,6168187,3123006,0.765597,0.107193,0.002158333,0.01992,0.04562848,0.059502736,0.39634716,0.198041377,0.170231283,0.154340458,0.159593397,0.165864538,0.101104165,0.050824782,0.502697211,0.139,0.114,1.219298246,0.58810812,0.627725356,0.936887628,0.046,61847,0.317189281,0.915917726,13.58330246,23.9
Missouri,2022,1,0,0,6177957,3131606,0.766177,0.106304,0.001993054,0.021437,0.047226454,0.056862649,0.39574454,0.202594288,0.169863275,0.152289356,0.154608965,0.163552616,0.104757107,0.052334393,0.499578451,0.143,0.12,1.191666667,0.588860124,0.628393911,0.937087572,0.037,64811,0.322005142,0.915576923,13.58776372,23.2
Missouri,2023,0,1,0,6196156,3139380,0.764749,0.106772,0.001840496,0.020492,0.052498355,0.053648585,0.39770164,0.199563221,0.169796788,0.155516371,0.151779473,0.163963075,0.106293541,0.05308753,0.499442673,0.13,0.109,1.19266055,0.602965351,0.639487213,0.942888831,0.034,68545,0.295471417,0.904758,13.4713508,24.4
Missouri,2024,0,0,1,6245466,3165408,0.76208,0.103844,0.002182703,0.022603,0.055512271,0.053777733,0.40196134,0.200875342,0.170859655,0.155888863,0.148254956,0.160172022,0.111027252,0.052921909,0.476656932,0.134,0.111,1.207207207,0.597950046,0.635177561,0.941390381,0.033,71589,0.334716078,0.920076955,13.68124013,21.4
Montana,2021,0,0,0,1104271,543360,0.838064,0.005072,0.05531432,0.008931,0.042942357,0.049676212,0.29017145,0.195467871,0.16843919,0.1449666,0.149171281,0.180535558,0.11186293,0.04955657,0.443011549,0.126,0.111,1.135135135,0.582049219,0.618444931,0.941149631,0.04,63249,0.347984631,0.943518033,13.88888411,20.9
Montana,2022,1,0,0,1122867,555594,0.834796,0.003053,0.052319642,0.006857,0.044377473,0.058596432,0.29491887,0.197601477,0.167947908,0.148910495,0.142550435,0.17169574,0.119900247,0.051393698,0.428637136,0.129,0.114,1.131578947,0.602896817,0.635051823,0.949366328,0.03,67631,0.345975112,0.940477797,13.81933902,25.1
Montana,2023,0,1,0,1132812,560233,0.833013,0.004198,0.053966589,0.007868,0.046362503,0.054592465,0.29796779,0.191383507,0.167970189,0.154169955,0.141580677,0.169856744,0.121353912,0.053685015,0.442383887,0.131,0.103,1.27184466,0.592294701,0.629679446,0.940628925,0.027,70804,0.346216914,0.944273068,13.85159924,24.5
Montana,2024,0,0,1,1137233,561786,0.832917,0.003022,0.050858531,0.007774,0.04880794,0.056619884,0.29800464,0.190222722,0.159514367,0.161980158,0.138395247,0.165739496,0.129897312,0.054250699,0.417642964,0.109,0.096,1.135416667,0.601241279,0.632373754,0.95076887,0.03,75340,0.363352241,0.945689513,13.92476383,21.5
Nebraska,2021,0,0,0,1963692,977673,0.764248,0.045807,0.006394078,0.022528,0.119061441,0.041962283,0.39734243,0.214029251,0.170792109,0.160763982,0.152906489,0.157820292,0.094131929,0.049555948,0.526452066,0.12,0.095,1.263157895,0.642379116,0.68634357,0.935943957,0.027,66817,0.344486343,0.921615336,13.64671235,10.1
Nebraska,2022,1,0,0,1967923,979086,0.758162,0.04549,0.005208029,0.025032,0.12292046,0.043187665,0.40549231,0.213896517,0.175088019,0.156998523,0.14365133,0.155251146,0.103272069,0.051842396,0.501998235,0.126,0.099,1.272727273,0.63544634,0.682762519,0.93069892,0.023,69597,0.346526482,0.927922135,13.70050089,10.3
Nebraska,2023,0,1,0,1978379,985970,0.751588,0.043083,0.00495355,0.024235,0.12911985,0.047020819,0.41376524,0.213959701,0.171373984,0.163032596,0.140515039,0.158153759,0.102230734,0.050734187,0.496271376,0.111,0.098,1.132653061,0.647409734,0.690144326,0.938078762,0.027,74590,0.35286396,0.926509624,13.6953106,12.3
Nebraska,2024,0,0,1,2005466,995837,0.739654,0.044887,0.006689717,0.027502,0.135391974,0.045876121,0.42966112,0.21576373,0.171036999,0.166546689,0.139874552,0.148753044,0.106634215,0.051390772,0.481935108,0.124,0.094,1.319148936,0.63367157,0.687059546,0.922294979,0.034,76376,0.353588728,0.926486671,13.69205619,10.6
Nevada,2021,0,0,0,3143991,1558784,0.451737,0.087151,0.005951671,0.083546,0.299224457,0.07238952,0.6865477,0.195070587,0.187529896,0.163682526,0.161961212,0.15145321,0.10093118,0.039371388,0.390081517,0.15,0.132,1.136363636,0.585952361,0.62961104,0.930657698,0.097,66274,0.275729128,0.871557068,13.07316586,17
Nevada,2022,1,0,0,3177772,1577850,0.443753,0.090148,0.005543507,0.088474,0.30252548,0.06955628,0.69073873,0.196444453,0.184750417,0.164679335,0.16136587,0.147080834,0.104000179,0.041678912,0.400758081,0.139,0.11,1.263636364,0.586394241,0.632970623,0.926416203,0.055,72333,0.270347127,0.874186322,13.06370163,19.8
Nevada,2023,0,1,0,3194176,1586682,0.443861,0.088982,0.005837812,0.089361,0.299419944,0.07253827,0.69213586,0.190000185,0.185438594,0.165570201,0.158021198,0.151065512,0.106094974,0.043809336,0.412925652,0.128,0.111,1.153153153,0.589582082,0.634852304,0.928691727,0.046,76364,0.287207429,0.87737551,13.12170715,19.3
Nevada,2024,0,0,1,3267467,1620148,0.428353,0.091125,0.005179241,0.092798,0.305872102,0.076673154,0.70013549,0.18989869,0.188488289,0.164819107,0.154053605,0.148873422,0.108358596,0.045508291,0.419978594,0.129,0.102,1.264705882,0.608221363,0.64596964,0.941563387,0.063,81134,0.285289106,0.877043264,13.1312849,18.4
New Hampshire,2021,0,0,0,1388992,695758,0.87251,0.013015,0.000499643,0.026051,0.043429336,0.044494857,0.23401138,0.184228278,0.155218494,0.14329612,0.180565387,0.178573453,0.108644975,0.049473293,0.455366605,0.085,0.06,1.416666667,0.620781699,0.66657419,0.931301734,0.036,88465,0.402467277,0.944382625,14.07596512,8.9
New Hampshire,2022,1,0,0,1395231,698445,0.865879,0.012852,0.000726761,0.026174,0.045497126,0.048871477,0.24494465,0.178836121,0.161404283,0.14000366,0.173828079,0.179892887,0.112990878,0.053044093,0.469454647,0.082,0.063,1.301587302,0.618687164,0.6582283,0.939927931,0.025,89992,0.413034993,0.945349246,14.19613576,8.3
New Hampshire,2023,0,1,0,1402054,702176,0.864751,0.014009,0.001151168,0.025612,0.046681512,0.047794878,0.24688935,0.175253289,0.164158901,0.139819618,0.164891178,0.18843288,0.115416772,0.052027362,0.450778179,0.082,0.062,1.322580645,0.628436749,0.664777696,0.945333685,0.026,96838,0.40748328,0.943745908,14.14878876,10.3
New Hampshire,2024,0,0,1,1409032,706841,0.863997,0.013095,0.000714675,0.026706,0.050326749,0.045160791,0.24805221,0.172352032,0.162115952,0.145483751,0.159540582,0.189708832,0.115247159,0.055551691,0.482022219,0.081,0.063,1.285714286,0.628024048,0.663732427,0.946200641,0.028,99782,0.415183496,0.950461208,14.20654217,9.6
New Jersey,2021,0,0,0,9267130,4703570,0.521067,0.12318,0.000648313,0.0991,0.214913895,0.041090176,0.65561773,0.187854452,0.168392134,0.163714858,0.17742031,0.158475069,0.093113752,0.051029426,0.54803319,0.113,0.091,1.241758242,0.607350697,0.656248544,0.92548883,0.081,89296,0.431025943,0.909809316,13.94634954,5
New Jersey,2022,1,0,0,9261699,4696995,0.514644,0.120025,0.000923913,0.099717,0.219017051,0.045673909,0.660737,0.188867519,0.168536368,0.163313775,0.17112034,0.157142342,0.099359316,0.051660341,0.519934549,0.106,0.087,1.218390805,0.609405848,0.661927473,0.920653504,0.05,96346,0.435284007,0.907130008,13.93093048,5.2
New Jersey,2023,0,1,0,9290841,4717692,0.506164,0.120161,0.000845133,0.101205,0.22660489,0.045019929,0.66573978,0.185459967,0.17044116,0.163486753,0.168198126,0.160360318,0.09981442,0.052239256,0.523363819,0.108,0.086,1.255813953,0.621782607,0.669166783,0.929189288,0.047,99781,0.437759106,0.906693988,13.94258419,5
New Jersey,2024,0,0,1,9500851,4823244,0.494946,0.121716,0.000723619,0.105417,0.234659401,0.042537453,0.67222575,0.188143972,0.17447265,0.1622326,0.164042535,0.155720821,0.10267565,0.052711772,0.513381434,0.101,0.082,1.231707317,0.625817226,0.668729053,0.935830772,0.054,104294,0.445471056,0.903613752,13.93851124,4.6
New Mexico,2021,0,0,0,2115877,1063522,0.34913,0.01661,0.081407379,0.014981,0.500613221,0.037258782,0.618979,0.20081667,0.170516587,0.153758512,0.14862309,0.169864451,0.105117064,0.051303627,0.48806183,0.198,0.171,1.157894737,0.533895172,0.569285482,0.93783381,0.078,53992,0.300527593,0.874810158,13.37740262,22.7
New Mexico,2022,1,0,0,2113344,1065559,0.348016,0.017446,0.081296751,0.016973,0.501511822,0.034755818,0.61896101,0.203224558,0.168325122,0.152765525,0.149136642,0.160492215,0.115213559,0.05084238,0.441288166,0.192,0.159,1.20754717,0.542296333,0.585054655,0.92691568,0.048,59726,0.304582043,0.880051255,13.39826471,27.8
New Mexico,2023,0,1,0,2114371,1065826,0.359324,0.017495,0.082684165,0.01699,0.485941209,0.037565309,0.62590459,0.1976266,0.170297184,0.152360902,0.139824164,0.162640378,0.122501698,0.054749074,0.446925021,0.192,0.163,1.17791411,0.543095237,0.586433503,0.926098585,0.048,62268,0.316480599,0.874987849,13.38724944,27.5
New Mexico,2024,0,0,1,2130256,1064856,0.35062,0.019994,0.082667529,0.018928,0.491139563,0.036650055,0.62691214,0.198142187,0.173482918,0.15470383,0.137922442,0.155215104,0.123894111,0.056639407,0.457159798,0.169,0.159,1.062893082,0.544050155,0.587181625,0.926544925,0.053,67816,0.317830976,0.87871689,13.40425011,25.3
New York,2021,0,0,0,19835913,10139340,0.534569,0.133693,0.001801077,0.086392,0.194815182,0.048730099,0.64856813,0.196914303,0.174639775,0.152926366,0.167288058,0.157341011,0.098851389,0.052039098,0.526437702,0.149,0.129,1.15503876,0.589657586,0.625422683,0.94281452,0.087,74314,0.399202794,0.88034827,13.6996597,5.3
New York,2022,1,0,0,19677151,19677151,0.528986,0.133853,0.00178288,0.090272,0.196537548,0.048569582,0.65311937,0.19959873,0.173254266,0.151842502,0.163786488,0.154922639,0.100982143,0.055613232,0.550723429,0.152,0.132,1.151515152,0.589811665,0.628008707,0.939177529,0.051,79557,0.399975857,0.878981872,13.68953015,5.4
New York,2023,0,1,0,19571216,10019312,0.527508,0.13333,0.001941678,0.090409,0.197849025,0.048962211,0.65423914,0.195170046,0.173196373,0.153582323,0.160678729,0.156556612,0.105649253,0.055166664,0.52216805,0.154,0.128,1.203125,0.592594949,0.629935785,0.940722789,0.05,82095,0.40639856,0.883271379,13.73464466,5.3
New York,2024,0,0,1,19867248,10162638,0.519309,0.13234,0.001725805,0.094327,0.202307234,0.049990668,0.66047601,0.196496696,0.176644624,0.152186628,0.153389246,0.158511225,0.105749401,0.057022179,0.539219875,0.149,0.13,1.146153846,0.595476512,0.629575006,0.945838871,0.053,85820,0.412171481,0.880441148,13.72784739,4.7
North Carolina,2021,0,0,0,10551162,5401839,0.609291,0.198661,0.008734109,0.030588,0.101410726,0.05131577,0.57536931,0.20257513,0.172532219,0.15916627,0.155720743,0.154703473,0.106658401,0.048643764,0.45607063,0.146,0.121,1.20661157,0.57272103,0.621961557,0.920830273,0.058,61972,0.349128551,0.896974205,13.63387749,16
North Carolina,2022,1,0,0,10698973,5469181,0.607303,0.201482,0.008576337,0.031877,0.104196823,0.04656475,0.57647306,0.201835148,0.170044427,0.159359451,0.161769824,0.155230088,0.104880859,0.046880202,0.446985293,0.14,0.115,1.217391304,0.580825312,0.628130341,0.924689152,0.038,67481,0.359190979,0.901965785,13.68932342,17.3
North Carolina,2023,0,1,0,10835491,5523437,0.597516,0.198687,0.008313606,0.032998,0.114150157,0.048335788,0.58697384,0.204352774,0.17071364,0.157156605,0.162133924,0.155130265,0.104780007,0.045732785,0.436464805,0.14,0.115,1.217391304,0.585330851,0.631887203,0.926321736,0.04,70804,0.367933471,0.905729403,13.74177648,17.1
North Carolina,2024,0,0,1,11046024,5650007,0.58973,0.194818,0.007954808,0.035809,0.119913735,0.051774014,0.59585874,0.202002772,0.166714887,0.162135072,0.166928365,0.155790724,0.102354602,0.044073578,0.430596931,0.136,0.114,1.192982456,0.589896927,0.634256687,0.930060241,0.04,73958,0.371400846,0.908522701,13.79115558,16.4
North Dakota,2021,0,0,0,774948,375404,0.822709,0.028834,0.044975921,0.014133,0.041348581,0.04799935,0.31608164,0.232242359,0.183661543,0.147171145,0.143284272,0.152131664,0.090184626,0.051324391,0.569103547,0.127,0.096,1.322916667,0.629077816,0.680853886,0.923954212,0.029,66519,0.317415869,0.936245286,13.6831426,13.8
North Dakota,2022,1,0,0,779261,380416,0.820389,0.032628,0.042671197,0.015747,0.043930082,0.044634596,0.3199067,0.231060928,0.184117975,0.150808308,0.135333976,0.153641849,0.092378497,0.052658467,0.57002949,0.13,0.1,1.3,0.645151996,0.686589176,0.939647781,0.022,71970,0.318270116,0.938658005,13.69550065,16.8
North Dakota,2023,0,1,0,783926,383435,0.814633,0.029855,0.042918592,0.014651,0.048766083,0.049176836,0.3286286,0.234303096,0.186035468,0.14826633,0.127974153,0.151477539,0.100171409,0.051772005,0.51683415,0.115,0.082,1.402439024,0.653759636,0.694461044,0.941391373,0.029,76525,0.335523052,0.945352554,13.83172502,16.5
North Dakota,2024,0,0,1,796568,387854,0.803105,0.034902,0.0405477,0.019239,0.050030882,0.052175081,0.3465641,0.228859258,0.18918744,0.152261749,0.123206535,0.14980741,0.098926629,0.057750979,0.583775874,0.126,0.097,1.298969072,0.648938514,0.684138325,0.948548693,0.019,77871,0.339517259,0.941451312,13.8127259,12.8
Ohio,2021,0,0,0,11780017,5971442,0.765527,0.1178,0.000940151,0.0238,0.042878801,0.049054683,0.39527992,0.198190892,0.166030143,0.152049223,0.164767118,0.166118872,0.102282615,0.050561136,0.494327755,0.146,0.121,1.20661157,0.586570433,0.626236692,0.936659318,0.054,62262,0.307208462,0.917428402,13.51983543,15.2
Ohio,2022,1,0,0,11756058,5945847,0.761207,0.119207,0.000832337,0.024956,0.043997061,0.049800537,0.40131436,0.19814885,0.164481267,0.153417488,0.160736787,0.163801974,0.106280103,0.05313353,0.499938641,0.149,0.119,1.25210084,0.588141004,0.631073915,0.93196849,0.037,65720,0.319813271,0.917545338,13.5810047,16.5
Ohio,2023,0,1,0,11785935,5972119,0.756068,0.117892,0.000768119,0.025519,0.048042858,0.051709686,0.40882899,0.195212854,0.167416513,0.152794887,0.157678526,0.166805732,0.106073556,0.054017932,0.509249751,0.147,0.118,1.245762712,0.595749019,0.634717842,0.938604494,0.04,67769,0.320340593,0.918785389,13.59776693,15.7
Ohio,2024,0,0,1,11883304,6015915,0.749543,0.119362,0.00116853,0.02738,0.051074432,0.05147188,0.41792854,0.195598531,0.170291675,0.153203426,0.15042338,0.164851013,0.111703499,0.053928476,0.482782338,0.137,0.116,1.181034483,0.59745667,0.634514982,0.941595844,0.04,72212,0.323511779,0.921776233,13.61558017,15
Oklahoma,2021,0,0,0,3986639,2001932,0.628391,0.06662,0.067622877,0.022331,0.117202987,0.097832284,0.57230676,0.214058968,0.179717953,0.157330624,0.152082572,0.152482358,0.099009146,0.045318379,0.457719123,0.169,0.143,1.181818182,0.56588225,0.610399774,0.92706825,0.059,55826,0.279247726,0.887111163,13.23224423,20.7
Oklahoma,2022,1,0,0,4019800,2015605,0.626251,0.066805,0.068075526,0.023054,0.121073685,0.094741032,0.57454655,0.217071512,0.178000834,0.159158801,0.147609469,0.151756772,0.10068437,0.045718242,0.454074869,0.171,0.142,1.204225352,0.557668626,0.610449307,0.913537978,0.042,59673,0.285184814,0.895583135,13.2975314,21.2
Oklahoma,2023,0,1,0,4053824,2039136,0.617347,0.066235,0.066127686,0.023145,0.129085772,0.098060498,0.58330843,0.214376883,0.179988308,0.16037903,0.145245233,0.15168054,0.100421711,0.047908295,0.477071089,0.174,0.144,1.208333333,0.56061865,0.611731,0.916446364,0.046,62138,0.287141994,0.896768428,13.28827706,20.1
Oklahoma,2024,0,0,1,4095393,2055211,0.610525,0.063841,0.065619099,0.025122,0.134596606,0.10029709,0.59007137,0.214667441,0.177555028,0.16345937,0.143087658,0.153459193,0.098714308,0.049057002,0.496959385,0.159,0.139,1.143884892,0.570933359,0.614807722,0.928637261,0.047,66148,0.293193422,0.902247104,13.33341791,19.9
Oregon,2021,0,0,0,4246155,2124623,0.720464,0.017913,0.006901067,0.04399,0.140483802,0.070248731,0.4539574,0.189603901,0.181007992,0.162805047,0.151984363,0.157595306,0.109313027,0.047690364,0.436273385,0.129,0.115,1.12173913,0.574651895,0.615839416,0.933119706,0.064,71562,0.363310329,0.918742442,13.78716078,13
Oregon,2022,1,0,0,4240137,2118486,0.716385,0.018449,0.006933502,0.045112,0.143754317,0.069365212,0.45889195,0.189791133,0.179235739,0.163936395,0.14810072,0.154536385,0.114162519,0.050237109,0.440049062,0.133,0.109,1.220183486,0.587071336,0.624499639,0.940066735,0.043,75657,0.363424586,0.916359443,13.76945922,14.9
Oregon,2023,0,1,0,4233358,2128151,0.707977,0.019511,0.006136972,0.045235,0.149187241,0.0719521,0.46887007,0.186189695,0.178294998,0.166881906,0.146934681,0.153800796,0.116642049,0.051255875,0.439428793,0.13,0.114,1.140350877,0.582442379,0.625506871,0.931152647,0.041,80160,0.376519295,0.919788244,13.85003483,14.6
Oregon,2024,0,0,1,4272371,2144164,0.701379,0.018412,0.006217157,0.048284,0.155122296,0.070585396,0.47631367,0.185996217,0.180320972,0.16557675,0.146262426,0.147692794,0.118815128,0.055335712,0.465729517,0.127,0.108,1.175925926,0.595013984,0.628900297,0.946118148,0.049,85220,0.378432021,0.923013414,13.88205914,14.2
Pennsylvania,2021,0,0,0,12964056,6564424,0.735534,0.101523,0.000546357,0.036081,0.083503959,0.042812296,0.43857543,0.18836825,0.166400758,0.147069621,0.16685498,0.169731263,0.1057918,0.055783327,0.527293485,0.134,0.107,1.252336449,0.584239453,0.624293553,0.935840921,0.064,68957,0.345449029,0.918872685,13.68606611,13.6
Pennsylvania,2022,1,0,0,12972008,6572178,0.731362,0.101109,0.000780912,0.037552,0.086031168,0.043165869,0.44421192,0.190903436,0.165188842,0.146944534,0.161394499,0.168351635,0.109601057,0.057615997,0.525688337,0.13,0.106,1.226415094,0.5865147,0.628354102,0.933414292,0.043,71798,0.350719273,0.921860795,13.73071679,14.8
Pennsylvania,2023,0,1,0,12961683,6572348,0.727104,0.101396,0.000685868,0.038161,0.088858831,0.043794544,0.44976817,0.186612402,0.167463996,0.148045686,0.158416261,0.167328093,0.113406806,0.058726756,0.517841548,0.132,0.107,1.23364486,0.586330263,0.627748769,0.93402057,0.042,73824,0.353433745,0.921931029,13.73668799,14.8
Pennsylvania,2024,0,0,1,13078751,6629809,0.718748,0.101277,0.000701596,0.04143,0.094245773,0.043596824,0.46064367,0.187143615,0.165470945,0.152451248,0.153038561,0.165332415,0.117139853,0.059423362,0.507285616,0.128,0.103,1.242718447,0.594990345,0.631518315,0.942158494,0.043,77545,0.363667663,0.923528132,13.78164118,13.6
Rhode Island,2021,0,0,0,1095610,559021,0.688707,0.045137,0.001972417,0.030947,0.171390367,0.061845912,0.48948444,0.201156453,0.167302756,0.146730167,0.163216855,0.166623665,0.102078245,0.052891859,0.518150163,0.128,0.099,1.292929293,0.613852959,0.651477984,0.942246668,0.077,74008,0.365015049,0.891376974,13.62397216,5.1
Rhode Island,2022,1,0,0,1093734,557893,0.681907,0.046927,0.000894185,0.034043,0.175526225,0.060702145,0.49714658,0.201508918,0.170408413,0.142626486,0.161216413,0.166894091,0.103987047,0.053358633,0.513127686,0.117,0.098,1.193877551,0.612807221,0.645581587,0.949232805,0.045,81854,0.396319156,0.904917944,13.76765216,5.6
Rhode Island,2023,0,1,0,1095962,560463,0.676797,0.048536,0.001115915,0.033099,0.180120296,0.060331471,0.50240981,0.195357524,0.171093419,0.148900036,0.157546281,0.170309141,0.10198665,0.054806949,0.537393363,0.127,0.089,1.426966292,0.598325191,0.645650761,0.926700978,0.048,84972,0.390466285,0.895676122,13.66897735,3.1
Rhode Island,2024,0,0,1,1112308,564937,0.661301,0.047659,0.001581397,0.036611,0.18787602,0.064972112,0.51954846,0.196467063,0.169945445,0.151100648,0.154250863,0.159988595,0.109494331,0.058753056,0.536585366,0.138,0.105,1.314285714,0.607368895,0.655844163,0.926087216,0.05,83504,0.390030988,0.904185329,13.69518486,4.8
South Carolina,2021,0,0,0,5190705,2669016,0.625967,0.248819,0.002201435,0.016145,0.063464212,0.04340316,0.54007767,0.193136601,0.16470802,0.153214057,0.162644124,0.165306453,0.115668423,0.045322321,0.391829678,0.157,0.135,1.162962963,0.552919365,0.596096844,0.927566334,0.056,59318,0.315316983,0.896065694,13.51375946,22
South Carolina,2022,1,0,0,5282634,2712725,0.625018,0.248605,0.002292796,0.017016,0.065077952,0.041990795,0.54125537,0.19476412,0.161932913,0.154087611,0.158111324,0.166547598,0.114603633,0.049952802,0.435874502,0.152,0.126,1.206349206,0.564930298,0.607201752,0.930383181,0.044,64115,0.325928628,0.90477178,13.62926005,22.4
South Carolina,2023,0,1,0,5373555,2768541,0.619139,0.242014,0.001655143,0.017256,0.074431731,0.045504326,0.5501849,0.191780944,0.163834116,0.15442723,0.156853569,0.165878494,0.118922821,0.048302825,0.406169518,0.153,0.124,1.233870968,0.569425342,0.611153616,0.931722119,0.043,67804,0.329163768,0.902033805,13.56121439,21.3
South Carolina,2024,0,0,1,5478831,2807767,0.616147,0.233399,0.002096798,0.019691,0.079253585,0.049413278,0.5567735,0.190806031,0.163810299,0.15517918,0.151224601,0.167964574,0.120178259,0.050837057,0.423013753,0.144,0.121,1.190082645,0.568215509,0.612711901,0.927377954,0.045,72350,0.333332549,0.90954124,13.6406355,19.1
South Dakota,2021,0,0,0,895376,443426,0.800028,0.019028,0.078656341,0.01598,0.042200148,0.044107727,0.34942439,0.203245565,0.175165648,0.144369966,0.1509116,0.170913363,0.103559308,0.051834551,0.500530101,0.133,0.113,1.17699115,0.630052562,0.666201834,0.945738259,0.028,66143,0.31665529,0.93053083,13.64915977,13.6
South Dakota,2022,1,0,0,909824,447367,0.798929,0.019842,0.071075285,0.01415,0.046635393,0.04936779,0.35145439,0.204520003,0.160481209,0.159620336,0.143114723,0.173873211,0.1052855,0.053105017,0.504390606,0.139,0.111,1.252252252,0.633373714,0.669131687,0.946560634,0.028,69728,0.315842737,0.931697855,13.62472864,14.3
South Dakota,2023,0,1,0,919318,451096,0.793964,0.023044,0.072574452,0.0151,0.050601642,0.044715757,0.35903572,0.201680384,0.171439645,0.153393066,0.146990731,0.163663953,0.109387022,0.053445199,0.488588114,0.128,0.107,1.196261682,0.640297239,0.673301295,0.950981744,0.026,71810,0.332999738,0.934542831,13.71109165,16.1
South Dakota,2024,0,0,1,924669,449708,0.789685,0.01811,0.071828946,0.016891,0.048608745,0.054875853,0.36525114,0.205047936,0.166217288,0.155929705,0.136445025,0.167686338,0.113208619,0.05546509,0.489936989,0.123,0.086,1.430232558,0.640033178,0.679005715,0.942603521,0.028,76881,0.341816729,0.940257919,13.8315343,12.3
Tennessee,2021,0,0,0,6975218,3562037,0.721113,0.153752,0.001245552,0.016818,0.060269227,0.046802695,0.45024934,0.201846067,0.170814512,0.158146526,0.164296342,0.160122904,0.100136767,0.044636882,0.44575917,0.149,0.123,1.211382114,0.563309201,0.612426532,0.919798819,0.053,59695,0.304802356,0.897384025,13.39789467,21.3
Tennessee,2022,1,0,0,7051339,3588721,0.719016,0.154543,0.000905785,0.018694,0.062772333,0.04406851,0.45289955,0.203331417,0.172474092,0.157190039,0.163035098,0.155680532,0.102185348,0.046103473,0.451174988,0.147,0.118,1.245762712,0.574184622,0.624257339,0.919788341,0.034,65254,0.310995438,0.903553535,13.46008903,22.8
Tennessee,2023,0,1,0,7126489,3629494,0.710556,0.151876,0.000977059,0.018052,0.074881755,0.043657403,0.46420383,0.201481549,0.173142963,0.159526707,0.158335336,0.157014601,0.10460505,0.045893793,0.438734012,0.155,0.126,1.23015873,0.57962502,0.626915211,0.924566847,0.04,67631,0.316833426,0.901329429,13.46126241,20.9
Tennessee,2024,0,0,1,7227750,3682840,0.704978,0.148691,0.001142403,0.019922,0.078425374,0.046841963,0.4721547,0.20190837,0.174644645,0.158500373,0.159129111,0.152933388,0.105813326,0.047070787,0.444847437,0.149,0.12,1.241666667,0.585895837,0.632574,0.926209166,0.042,71997,0.324173961,0.905685474,13.52347156,22
Texas,2021,0,0,0,29527941,14788930,0.39377,0.116161,0.001562791,0.051402,0.401564979,0.035539153,0.6662897,0.224024759,0.194014553,0.174475266,0.157602717,0.133964419,0.08022906,0.035689226,0.444841639,0.155,0.13,1.192307692,0.583768676,0.646478117,0.902998355,0.062,66963,0.331159445,0.853890789,13.15444651,14.2
Texas,2022,1,0,0,30029572,15008431,0.389064,0.116842,0.00156589,0.053553,0.401958509,0.037016778,0.66916585,0.227124661,0.192293267,0.175031988,0.153428076,0.134394817,0.081084362,0.03664283,0.451909948,0.155,0.125,1.24,0.592820988,0.655107541,0.904921636,0.044,72284,0.339402868,0.861103495,13.22779863,15.6
Texas,2023,0,1,0,30503301,15290157,0.387412,0.119953,0.00149751,0.05597,0.397848351,0.037320158,0.67271264,0.222206252,0.193197791,0.175856514,0.1526563,0.134676944,0.084265812,0.037140387,0.440752733,0.15,0.123,1.219512195,0.601558886,0.659581221,0.912031555,0.044,75780,0.342416144,0.863374111,13.26191177,15.7
Texas,2024,0,0,1,31290831,15682319,0.377782,0.119784,0.001673973,0.060433,0.402747533,0.03758021,0.67565995,0.223338344,0.192650623,0.177806199,0.149126195,0.134336803,0.084592087,0.038149749,0.45098484,0.148,0.12,1.233333333,0.600707234,0.657464439,0.913672587,0.048,79721,0.351638306,0.866874644,13.31130718,14.9
Utah,2021,0,0,0,3337975,1643205,0.760168,0.009958,0.005840667,0.024602,0.147885769,0.051546222,0.39687923,0.2668249,0.197017504,0.173898503,0.135367112,0.121316404,0.072630542,0.032945035,0.453597539,0.093,0.078,1.192307692,0.611399996,0.686526562,0.890570052,0.035,79449,0.368074333,0.931742101,13.8446343,13.6
Utah,2022,1,0,0,3380800,1664683,0.756468,0.010315,0.006744853,0.024369,0.151468883,0.050634169,0.40150422,0.270518771,0.191005545,0.177016358,0.131474064,0.120912889,0.075205939,0.033866434,0.450315945,0.091,0.073,1.246575342,0.625172579,0.699748599,0.893424553,0.027,89168,0.379384428,0.930180546,13.87773678,13.9
Utah,2023,0,1,0,3417734,1685987,0.745487,0.010222,0.0069628,0.024356,0.160032349,0.052940047,0.41508965,0.267735524,0.192096576,0.177929689,0.132387241,0.118979997,0.075814096,0.035056879,0.462405816,0.095,0.086,1.104651163,0.636508546,0.701795498,0.906971544,0.033,93421,0.383869883,0.930830846,13.89448202,14
Utah,2024,0,0,1,3503613,1725492,0.730995,0.011635,0.005976402,0.026502,0.169086026,0.055806677,0.43306908,0.270583012,0.188891316,0.179352429,0.132886751,0.115844483,0.07754956,0.034892449,0.449937422,0.088,0.079,1.113924051,0.629314608,0.697810271,0.901841997,0.038,96658,0.391175662,0.936185331,13.95207421,14.8
Vermont,2021,0,0,0,645570,325277,0.906272,0.010448,0.001696175,0.017527,0.020456341,0.043600229,0.17593242,0.19127173,0.1514728,0.138384204,0.170127002,0.181941773,0.113176184,0.053626307,0.473830313,0.109,0.096,1.135416667,0.616172286,0.643107288,0.958117404,0.042,72431,0.444388974,0.945479301,14.33344572,11.6
Vermont,2022,1,0,0,647064,326366,0.901837,0.009681,0.001625805,0.017791,0.022826181,0.04623963,0.18361872,0.186822948,0.153212205,0.140127993,0.154734945,0.188339257,0.11805678,0.058705872,0.49726811,0.114,0.094,1.212765957,0.626553969,0.649778305,0.964258063,0.028,73991,0.442301072,0.94981642,14.3717943,11.9
Vermont,2023,0,1,0,647464,324526,0.892754,0.011727,0.001771527,0.017034,0.024909493,0.051803652,0.19925557,0.178263056,0.153493849,0.144403868,0.156177936,0.183772994,0.12495369,0.058934607,0.47165159,0.102,0.091,1.120879121,0.629143509,0.649340564,0.968896052,0.026,81211,0.436721096,0.95503496,14.32495995,12.2
Vermont,2024,0,0,1,648493,328326,0.893339,0.009013,0.001380123,0.020122,0.02683298,0.049312791,0.19830587,0.177324771,0.153173368,0.147889521,0.148000266,0.180277718,0.131251504,0.062082853,0.473006793,0.1,0.08,1.25,0.618978216,0.648358796,0.954684691,0.027,82730,0.450961005,0.947057745,14.3548415,12
Virginia,2021,0,0,0,8642274,4368343,0.592397,0.180337,0.001383548,0.06737,0.10174984,0.056762375,0.59842893,0.203305202,0.176220524,0.163498651,0.165124316,0.152865712,0.094832028,0.044153566,0.465597614,0.11,0.092,1.195652174,0.604691268,0.652344787,0.92695041,0.048,80963,0.418071198,0.913848181,14.02451675,13.4
Virginia,2022,1,0,0,8683619,4384305,0.586752,0.183654,0.001351741,0.069427,0.10430559,0.054508955,0.60332038,0.203590123,0.175295816,0.162484062,0.1625597,0.150087656,0.099018354,0.046964289,0.474298826,0.117,0.094,1.244680851,0.605250557,0.653296887,0.926455595,0.036,85873,0.421830734,0.915405011,14.0410679,14.3
Virginia,2023,0,1,0,8715698,4413602,0.580751,0.180798,0.001322786,0.068876,0.111299061,0.056953442,0.60966384,0.198991129,0.176163399,0.164399539,0.158849718,0.153051071,0.101041968,0.047503176,0.470133125,0.114,0.09,1.266666667,0.610003872,0.652656427,0.934647766,0.037,89931,0.424253467,0.91445453,14.03989738,15.1
Virginia,2024,0,0,1,8811195,4454554,0.574362,0.179102,0.001496392,0.071103,0.115515886,0.058421134,0.6162164,0.198386669,0.176291268,0.166392039,0.152698496,0.153693558,0.103427263,0.049110706,0.474833278,0.107,0.088,1.215909091,0.609752152,0.652271855,0.934812912,0.036,92090,0.433413471,0.917111196,14.07736714,13.8
Washington,2021,0,0,0,7738692,3841372,0.64302,0.038578,0.007990756,0.093566,0.13686499,0.079980183,0.55108964,0.201747461,0.192468278,0.16394614,0.154870248,0.150235238,0.09455925,0.042173385,0.445999571,0.109,0.089,1.224719101,0.588312777,0.638803603,0.920960331,0.059,84247,0.389669309,0.923478319,13.8996495,10.9
Washington,2022,1,0,0,7785786,3855375,0.634677,0.038472,0.008865386,0.097078,0.140424229,0.080483075,0.56000622,0.202141868,0.195701278,0.160941761,0.150322143,0.147490072,0.098753866,0.044649012,0.452124193,0.109,0.091,1.197802198,0.589142335,0.647195637,0.910300226,0.041,91306,0.394808133,0.921667527,13.93541453,11.2
Washington,2023,0,1,0,7812880,3878903,0.624297,0.039014,0.007938174,0.098913,0.146166202,0.083671834,0.57051907,0.197057431,0.197473183,0.164192768,0.146085976,0.149378886,0.100289912,0.045521844,0.453902519,0.116,0.091,1.274725275,0.598745749,0.65067968,0.920185104,0.045,94605,0.404510672,0.923611695,13.99072924,12.6
Washington,2024,0,0,1,7958180,3948211,0.614725,0.039327,0.007737196,0.10618,0.150099897,0.081930793,0.57998945,0.197980738,0.198376034,0.166780359,0.143168701,0.144110532,0.103100035,0.0464836,0.450859202,0.108,0.09,1.2,0.60386858,0.650137246,0.928832464,0.049,120265,0.410171252,0.922682217,14.01620699,13
West Virginia,2021,0,0,0,1782959,895599,0.903558,0.028214,0.001042088,0.007851,0.017022265,0.042312246,0.18064395,0.179745575,0.146808693,0.156442413,0.166000848,0.175927267,0.120082366,0.054992838,0.457959313,0.187,0.149,1.255033557,0.491887738,0.526301462,0.934612144,0.062,51248,0.241171641,0.888206385,13.13140736,18.1
West Virginia,2022,1,0,0,1775156,893055,0.898021,0.033456,0.001059062,0.007399,0.019346469,0.040718112,0.19035021,0.18377386,0.14444761,0.155956514,0.162333154,0.172909303,0.122491286,0.058088274,0.474223726,0.193,0.166,1.162650602,0.4967233,0.528382981,0.940081945,0.047,54329,0.247975947,0.891371223,13.15182731,17.3
West Virginia,2023,0,1,0,1770071,887440,0.894286,0.031586,0.000851943,0.007052,0.021375979,0.044848483,0.19673681,0.180553172,0.148118724,0.155016606,0.16224215,0.167367542,0.127700487,0.059001318,0.462028921,0.184,0.148,1.243243243,0.513119695,0.543570055,0.9439808,0.045,55948,0.239893934,0.889835684,13.09505177,16.4
West Virginia,2024,0,0,1,1769979,888467,0.888603,0.031378,0.001685331,0.006835,0.023165247,0.048332777,0.20647751,0.181443569,0.152919538,0.149995135,0.156558872,0.172695107,0.129168609,0.057219169,0.442980451,0.186,0.148,1.256756757,0.511199006,0.548927348,0.931268971,0.046,60798,0.243779997,0.900702221,13.13947311,16.8
Wisconsin,2021,0,0,0,5895908,2940659,0.789759,0.060659,0.005232951,0.029491,0.074852423,0.040005543,0.36450114,0.19768524,0.162226288,0.151471658,0.169443378,0.16829429,0.10109512,0.049784026,0.492447376,0.118,0.098,1.204081633,0.615676548,0.65052984,0.946423223,0.035,67125,0.325409148,0.933255306,13.67701067,12.2
Wisconsin,2022,1,0,0,5892539,2933768,0.789818,0.058664,0.005729618,0.029231,0.075862374,0.040696209,0.3644482,0.199412075,0.160054826,0.149373263,0.162761779,0.170614225,0.105213095,0.052570737,0.499659641,0.119,0.096,1.239583333,0.61385339,0.651219593,0.942621192,0.028,70996,0.332254127,0.934817904,13.71446912,13.5
Wisconsin,2023,0,1,0,5910955,2951547,0.783902,0.057992,0.005936943,0.030068,0.080879316,0.041221427,0.37295393,0.196256417,0.162094957,0.151167306,0.157846231,0.170837935,0.1087169,0.053080254,0.488242899,0.116,0.098,1.183673469,0.620640434,0.652429316,0.951276129,0.028,74631,0.337542782,0.936611198,13.73183842,14.1
Wisconsin,2024,0,0,1,5960975,2976857,0.777547,0.05946,0.005793348,0.030773,0.083862791,0.042562836,0.38205931,0.196722148,0.16206367,0.153397285,0.149245228,0.17124671,0.113052563,0.054272395,0.480063378,0.117,0.09,1.3,0.621895192,0.653619424,0.951463755,0.031,77488,0.345559811,0.937142163,13.77785037,12.7
Wyoming,2021,0,0,0,578803,282796,0.815486,0.009834,0.016126385,0.008134,0.10554541,0.044873644,0.32140545,0.192052681,0.181848923,0.153432094,0.147462904,0.17610562,0.102339502,0.046758276,0.456893726,0.127,0.102,1.245098039,0.599732286,0.652705027,0.918841224,0.037,65204,0.292446149,0.935864099,13.62153596,25.9
Wyoming,2022,1,0,0,581381,283526,0.813958,0.006863,0.016493487,0.006153,0.108023826,0.048508637,0.32309235,0.192852187,0.176670956,0.154305555,0.152405083,0.171325738,0.108034907,0.044405575,0.411029879,0.132,0.105,1.257142857,0.610696311,0.657796056,0.928397647,0.038,70042,0.295565739,0.937283014,13.63834556,26.1
Wyoming,2023,0,1,0,584057,288322,0.812652,0.006508,0.015981317,0.007833,0.10752204,0.04950373,0.32522625,0.191625065,0.179766462,0.156596122,0.135726758,0.172867935,0.11049742,0.052920237,0.478927356,0.127,0.098,1.295918367,0.590276517,0.63538473,0.929006457,0.032,72415,0.304259223,0.939225411,13.65848217,20.6
Wyoming,2024,0,0,1,587618,286299,0.804674,0.007353,0.01441753,0.009074,0.110667134,0.053813872,0.33701213,0.192698446,0.169550496,0.163524971,0.136757818,0.162969932,0.124337462,0.050160875,0.403425276,0.109,0.094,1.159574468,0.610413474,0.649032328,0.940497796,0.034,75532,0.322833607,0.944227838,13.7473372,21.5