geo_id,geo_name,geo_type,state,county,tribal_area,year,quarter,month,dv_rate,sexual_assault_rate,firearm_share,dating_partner_share,minority_victim_share,native_american_victim_share,reporting_proxy,risk_index,data_quality_flag
state:AL,Alabama,state,AL,,,2021,,,913.1681676,46.16866783,0.1213333333,0.2318055556,0.6103151862,0.0008459544276,1766.282723,0.7254546738,ok
state:AL,Alabama,state,AL,,,2022,,,924.7507836,41.15598545,0.08927015778,0.2217597522,0.5443600536,0.001481411809,2000.858756,0.6943229272,ok
state:AL,Alabama,state,AL,,,2023,,,945.1783088,37.15369002,0.08307808303,0.2200414684,0.5353728926,0.001825108936,2045.235943,0.6741460875,ok
state:AL,Alabama,state,AL,,,2024,,,986.9470112,35.11198819,0.07898577162,0.2264912441,0.5443185568,0.00123198768,2089.377685,0.7175358936,ok
state:AK,Alaska,state,AK,,,2021,,,743.5415984,128.4195505,0.0490851002,0.3154225966,0.6526255049,0.6041546451,1308.131693,0.4073365767,ok
state:AK,Alaska,state,AK,,,2022,,,711.4399545,109.1889128,0.04692806422,0.3201605434,0.6559534741,0.6039179676,1232.274873,0.3216244417,ok
state:AK,Alaska,state,AK,,,2023,,,763.4075326,96.55301963,0.05345647915,0.3344528408,0.6409330741,0.5878922522,1342.349958,0.5730427535,ok
state:AK,Alaska,state,AK,,,2024,,,901.5487722,91.95647344,0.04774600097,0.3317983519,0.689290012,0.6334536703,1548.622079,0.7772035259,ok
state:AZ,Arizona,state,AZ,,,2021,,,342.6391574,42.49272036,0.05098651097,0.2454197705,0.4117965368,0.1443556444,695.9978303,-0.2887305845,ok
state:AZ,Arizona,state,AZ,,,2022,,,429.0421385,53.87987054,0.05165952891,0.2352783726,0.4277418751,0.1270331866,900.3619006,-0.1934840407,ok
state:AZ,Arizona,state,AZ,,,2023,,,453.1880384,39.96624259,0.05258708746,0.2328907048,0.4195703654,0.1017422192,962.4101726,-0.0762271261,ok
state:AZ,Arizona,state,AZ,,,2024,,,541.1605339,43.45301987,0.05079845815,0.2216409692,0.4351542097,0.09032439082,1201.990618,-0.095790649,ok
state:AR,Arkansas,state,AR,,,2021,,,1019.959521,103.4071957,0.1136402013,0.2364999493,0.4636799171,0.002006992102,2487.400871,0.9745909435,ok
state:AR,Arkansas,state,AR,,,2022,,,945.0094726,99.31257054,0.1008154188,0.2227399485,0.4568300488,0.001819100556,2358.278131,1.020877565,ok
state:AR,Arkansas,state,AR,,,2023,,,880.7467573,82.91996864,0.09894953353,0.2246382135,0.4656981998,0.001807187044,2241.885865,1.013141461,ok
state:AR,Arkansas,state,AR,,,2024,,,870.568531,84.50856964,0.08989686307,0.2067734913,0.4728379697,0.001648222275,2281.324306,0.8824539661,ok
state:CA,California,state,CA,,,2021,,,2.0078091,8.285471967,0.03326947637,0.01053639847,0.4384953322,0.004576240161,102.0853588,-0.681308506,ok
state:CA,California,state,CA,,,2022,,,221.0316581,37.69436184,0.04374936114,0.2201324293,0.4402313945,0.004696045348,573.7036261,-0.4647793703,ok
state:CA,California,state,CA,,,2023,,,364.630597,37.24550093,0.03959080255,0.2339376857,0.4512383003,0.004321124442,889.2623078,-0.2958227956,ok
state:CA,California,state,CA,,,2024,,,449.8368833,49.73038942,0.03528920685,0.2355454551,0.4403386954,0.004515073332,1102.847151,-0.2270370666,ok
state:CO,Colorado,state,CO,,,2021,,,693.7344242,133.0147104,0.09295181751,0.2539962455,0.3505703942,0.01086139764,1552.633197,0.2056942498,ok
state:CO,Colorado,state,CO,,,2022,,,666.8045549,125.3237494,0.1171403474,0.2340540081,0.3573459291,0.008618566855,1543.196245,0.2293022171,ok
state:CO,Colorado,state,CO,,,2023,,,656.0078917,87.60340384,0.1020872975,0.2388860059,0.3741898251,0.00732486904,1502.03246,0.2835500988,ok
state:CO,Colorado,state,CO,,,2024,,,642.8086263,90.63508236,0.1019483079,0.2235486232,0.384819272,0.006647713913,1507.811173,0.3974923616,ok
state:CT,Connecticut,state,CT,,,2021,,,410.4196229,53.40057429,0.02089276077,0.2857142857,0.4895017049,0.002990967279,877.8946123,-0.7156893766,ok
state:CT,Connecticut,state,CT,,,2022,,,404.1197103,47.29060439,0.02099370189,0.2768836016,0.5064942663,0.002574303768,863.9267941,-0.7411733932,ok
state:CT,Connecticut,state,CT,,,2023,,,378.6713959,28.94732449,0.01537603569,0.2500796686,0.5112568693,0.00384092655,844.9925976,-0.8212573307,ok
state:CT,Connecticut,state,CT,,,2024,,,364.7967441,26.89715124,0.01433082342,0.2481580439,0.5028094979,0.003927255151,816.2327149,-0.8761096879,ok
state:DE,Delaware,state,DE,,,2021,,,781.8738838,56.62596373,0.07237249639,0.1801569275,0.5230769231,0.0007692307692,2343.927712,-0.03144217718,ok
state:DE,Delaware,state,DE,,,2022,,,747.8619276,43.25099168,0.06579639962,0.1660174755,0.5364018372,0.0003908922115,2257.369066,-0.2213222008,ok
state:DE,Delaware,state,DE,,,2023,,,758.8070047,25.27016852,0.06673651126,0.1622839183,0.5284718187,0.000871586287,2233.368134,-0.438600369,ok
state:DE,Delaware,state,DE,,,2024,,,793.3684018,23.58353402,0.06596491228,0.1658145363,0.5439148542,0.0009254974549,2283.939339,-0.2122447967,ok
state:DC,District of Columbia,state,DC,,,2021,,,380.1327557,89.3399564,0.0486734907,0.1316064341,0.8796728972,0.0005841121495,1677.138711,0.4640996229,ok
state:DC,District of Columbia,state,DC,,,2022,,,837.6539006,191.4836431,0.04175090983,0.1455721795,0.8720853394,0.0009440196356,3443.92036,0.8885611585,ok
state:DC,District of Columbia,state,DC,,,2023,,,862.3530968,79.48586351,0.04804552663,0.1366731971,0.8729123173,0.001217814892,3672.452461,0.7560350943,ok
state:DC,District of Columbia,state,DC,,,2024,,,814.3112474,58.18870465,0.04631234354,0.1411515502,0.864491397,0.0008915039672,3433.794809,0.7254082496,ok
state:FL,Florida,state,FL,,,2021,,,0.7572318818,0.0334072889,0.008733624454,0.1441048035,0.5505226481,0.1428571429,2.55008972,-0.9143872978,ok
state:FL,Florida,state,FL,,,2022,,,137.3179632,12.05554316,0.0716960678,0.1120281857,0.5411004447,0.002659684994,441.2176607,-0.5808921748,ok
state:FL,Florida,state,FL,,,2023,,,213.7527565,17.20316185,0.06565856855,0.1307826267,0.510287888,0.002363044293,619.324505,-0.5531178006,ok
state:FL,Florida,state,FL,,,2024,,,276.4555834,21.3348899,0.06079018922,0.1519061095,0.5147311478,0.002286868499,744.0271907,-0.4761441408,ok
state:GA,Georgia,state,GA,,,2021,,,595.5449726,62.97802556,0.1103563081,0.2233021136,0.6546400833,0.001825606534,1384.09688,0.2877354171,ok
state:GA,Georgia,state,GA,,,2022,,,612.4090158,68.0454462,0.1130519624,0.2020268782,0.6515590793,0.001701082776,1455.407581,0.344602752,ok
state:GA,Georgia,state,GA,,,2023,,,603.9171268,38.99086482,0.1031921142,0.1977967904,0.6598096136,0.00176829448,1425.644511,0.3593968661,ok
state:GA,Georgia,state,GA,,,2024,,,600.9183139,41.88635371,0.09242548962,0.1963439825,0.6615886521,0.001810839166,1428.462212,0.2572815326,ok
state:HI,Hawaii,state,HI,,,2021,,,377.329788,68.17523805,0.02153784219,0.25,0.7535321821,0.001766091052,870.680161,-0.589182678,ok
state:HI,Hawaii,state,HI,,,2022,,,443.180947,93.64210373,0.01726200649,0.2505554606,0.7359522626,0.0008287750704,1024.112054,-0.819039888,ok
state:HI,Hawaii,state,HI,,,2023,,,320.9940948,48.12296044,0.01330757673,0.2418974029,0.7749473684,0.001684210526,812.3364953,-1.063103312,ok
state:HI,Hawaii,state,HI,,,2024,,,374.55917,45.78710442,0.02172270495,0.2459387986,0.7024596182,0.001101321586,911.2666572,-1.046915614,ok
state:ID,Idaho,state,ID,,,2021,,,613.3213224,100.1995071,0.03497229917,0.2351108033,0.1717474424,0.02314766973,1207.411029,-0.304141879,ok
state:ID,Idaho,state,ID,,,2022,,,620.0504358,95.9569504,0.03844904148,0.2220296762,0.1856060606,0.03214840715,1254.915755,-0.3925779558,ok
state:ID,Idaho,state,ID,,,2023,,,583.4648387,67.14317408,0.03326287685,0.2172655468,0.1836795547,0.02643872378,1199.90058,-0.2495718455,ok
state:ID,Idaho,state,ID,,,2024,,,591.4765365,73.08773942,0.03307667281,0.2189567292,0.1749539595,0.02529805176,1201.322719,-0.1523615691,ok
state:IL,Illinois,state,IL,,,2021,,,374.7705282,42.76118432,0.04306160805,0.2225366075,0.5793578317,0.0009680011689,960.767417,-0.250031798,ok
state:IL,Illinois,state,IL,,,2022,,,629.0017949,69.71910097,0.03582192371,0.2192001575,0.592086846,0.0009616309261,1615.142615,-0.05540784897,ok
state:IL,Illinois,state,IL,,,2023,,,756.7481191,61.77008891,0.02891956908,0.2160966426,0.577899279,0.001125673394,1898.372935,0.04302358102,ok
state:IL,Illinois,state,IL,,,2024,,,781.0939026,68.55470089,0.02624067947,0.2138363538,0.5755446006,0.001132502831,1977.637105,0.09739223428,ok
state:IN,Indiana,state,IN,,,2021,,,609.2252563,66.01570294,0.06283853867,0.2706580615,0.3819537009,0.0009520959713,1305.568671,-0.105403867,ok
state:IN,Indiana,state,IN,,,2022,,,630.2853451,67.74373738,0.08246666492,0.2478453357,0.3919264431,0.0009096272987,1423.998726,0.02181664522,ok
state:IN,Indiana,state,IN,,,2023,,,666.003849,45.33750443,0.08968674699,0.2311807229,0.4229078841,0.00105390618,1543.483539,0.08422708831,ok
state:IN,Indiana,state,IN,,,2024,,,646.9089509,49.49391372,0.08432257432,0.2284165604,0.4126509436,0.001019506559,1497.007307,0.1925743437,ok
state:IA,Iowa,state,IA,,,2021,,,638.0283723,70.63074635,0.03376689947,0.3244697892,0.2892582034,0.01376842361,1265.595934,-0.5496322817,ok
state:IA,Iowa,state,IA,,,2022,,,541.637335,65.5238872,0.04243877625,0.301431582,0.2856652949,0.01289437586,1106.348726,-0.6593076029,ok
state:IA,Iowa,state,IA,,,2023,,,597.8651862,53.04741365,0.03332694886,0.287365128,0.3024294391,0.01256401096,1255.108218,-0.6119688897,ok
state:IA,Iowa,state,IA,,,2024,,,564.1719227,42.69109453,0.03322629268,0.2749852546,0.2999395039,0.01373260738,1208.577758,-0.6460523313,ok
state:KS,Kansas,state,KS,,,2021,,,783.0703999,81.21655618,0.0567905241,0.2474444264,0.2756795766,0.004763050277,1650.124074,-0.06256675385,ok
state:KS,Kansas,state,KS,,,2022,,,894.6119454,108.3007322,0.06652750045,0.2416954075,0.2948573724,0.007914825231,1954.557687,0.1941932573,ok
state:KS,Kansas,state,KS,,,2023,,,903.8777301,65.9086727,0.06619934283,0.2272946331,0.3094248094,0.007392007392,2019.282489,0.09906113869,ok
state:KS,Kansas,state,KS,,,2024,,,796.1440205,59.95296964,0.07308713493,0.2204199855,0.3257752584,0.009003001,1807.752207,0.07465941882,ok
state:KY,Kentucky,state,KY,,,2021,,,614.6825158,80.98857472,0.08395585329,0.3173646923,0.3077102695,0.000747209639,1164.540497,0.4672467941,ok
state:KY,Kentucky,state,KY,,,2022,,,519.1864437,78.79660881,0.05528938818,0.2950603007,0.296698038,0.001010262136,1014.080524,0.3302438335,ok
state:KY,Kentucky,state,KY,,,2023,,,556.4958312,63.28754272,0.06343646624,0.2562268924,0.3315681903,0.0008361204013,1145.192542,0.4328027539,ok
state:KY,Kentucky,state,KY,,,2024,,,547.801753,56.5951811,0.06297229219,0.2587192405,0.3373030414,0.0008702821546,1135.423633,0.4021547665,ok
state:LA,Louisiana,state,LA,,,2021,,,756.158012,44.05598987,0.09773001844,0.2575189165,0.577359535,0.001445397792,1717.146351,1.042882266,ok
state:LA,Louisiana,state,LA,,,2022,,,770.0333696,52.74351061,0.08680950478,0.2492699271,0.57701163,0.002036719995,1779.87463,1.088181171,ok
state:LA,Louisiana,state,LA,,,2023,,,760.5160502,33.8762375,0.08147150064,0.2509635572,0.5926707251,0.001145199204,1749.3404,1.017241365,ok
state:LA,Louisiana,state,LA,,,2024,,,807.4338649,34.50851641,0.0822354569,0.2558202491,0.5993583259,0.001734254415,1812.433075,1.04549546,ok
state:ME,Maine,state,ME,,,2021,,,420.6608641,66.93120097,0.009007029877,0.3202987698,0.1030658839,0.008045227223,789.3026601,-0.6632106685,ok
state:ME,Maine,state,ME,,,2022,,,406.8548248,64.45735501,0.0153367415,0.2953989776,0.1232786885,0.01136612022,773.3163739,-0.7910339858,ok
state:ME,Maine,state,ME,,,2023,,,391.8643939,39.96542652,0.01504102097,0.2871467639,0.1071748879,0.01031390135,743.0859812,-0.8907363882,ok
state:ME,Maine,state,ME,,,2024,,,367.1640331,41.15205516,0.01048118152,0.2763220581,0.1124067164,0.009561567164,708.0177359,-0.9519642635,ok
state:MD,Maryland,state,MD,,,2021,,,286.9451373,30.70837454,0.02903175992,0.1910228033,0.5854771982,0.001521708117,777.798686,-0.691048605,ok
state:MD,Maryland,state,MD,,,2022,,,557.1970535,56.17050557,0.04198238239,0.2018260194,0.640280035,0.001550193774,1489.994469,-0.4543376032,ok
state:MD,Maryland,state,MD,,,2023,,,723.3935786,48.60542987,0.04133083609,0.1994360151,0.6306052724,0.002368288232,1890.082997,-0.3221362478,ok
state:MD,Maryland,state,MD,,,2024,,,758.9702513,51.2162109,0.03827834572,0.1909464064,0.6266278698,0.001685532806,2020.790573,-0.329476532,ok
state:MA,Massachusetts,state,MA,,,2021,,,501.9616638,72.45448987,0.02654131675,0.2398463699,0.4441190825,0.001115526738,1206.042317,-0.5943669275,ok
state:MA,Massachusetts,state,MA,,,2022,,,509.075252,71.18629931,0.03012270112,0.2315452407,0.4463441084,0.00119978773,1218.279979,-0.7265146972,ok
state:MA,Massachusetts,state,MA,,,2023,,,491.4409091,48.67722892,0.02531101301,0.2197156452,0.4565157244,0.001221986535,1197.569681,-0.7756376039,ok
state:MA,Massachusetts,state,MA,,,2024,,,472.5612402,47.93563264,0.02713594841,0.2204907756,0.4627434987,0.001031570867,1126.840577,-0.8186682826,ok
state:MI,Michigan,state,MI,,,2021,,,832.7385438,102.3298327,0.08783982366,0.2068944404,0.4828866528,0.004716752939,2030.681443,0.4657780459,ok
state:MI,Michigan,state,MI,,,2022,,,829.212515,99.94251753,0.07772765578,0.1977891241,0.479717662,0.004257089032,2003.617795,0.4328046362,ok
state:MI,Michigan,state,MI,,,2023,,,831.2759365,62.94844579,0.07526961512,0.1960769764,0.4903814485,0.003366798004,2001.478385,0.427856046,ok
state:MI,Michigan,state,MI,,,2024,,,816.3992913,62.53884258,0.06848028844,0.1936978104,0.4926214476,0.003372349198,1950.572092,0.3236171047,ok
state:MN,Minnesota,state,MN,,,2021,,,402.0319093,104.7245419,0.08151481702,0.2359259574,0.5404502074,0.0494100592,1065.061252,-0.357982051,ok
state:MN,Minnesota,state,MN,,,2022,,,373.6712598,100.4826497,0.07814563705,0.2174429867,0.5446796125,0.04528254813,1022.106093,-0.4857159139,ok
state:MN,Minnesota,state,MN,,,2023,,,375.6552804,56.30126237,0.08000882613,0.2146072374,0.5612328993,0.04611010384,1014.945589,-0.6207029829,ok
state:MN,Minnesota,state,MN,,,2024,,,399.6763751,59.97793659,0.06980273141,0.2270539779,0.5672547298,0.04626007823,1017.947835,-0.5214304367,ok
state:MS,Mississippi,state,MS,,,2021,,,470.2301723,32.03990149,0.05543287901,0.2485342268,0.5697943925,0.0008971962617,1116.127391,0.56535597,ok
state:MS,Mississippi,state,MS,,,2022,,,422.631345,26.35619577,0.06353900256,0.2269021739,0.5794967672,0.001168497312,1060.349587,0.6805030626,ok
state:MS,Mississippi,state,MS,,,2023,,,343.6319424,23.37000934,0.04675225139,0.217474612,0.5879590495,0.0006574621959,880.6359477,0.4230795419,ok
state:MS,Mississippi,state,MS,,,2024,,,358.0971316,20.72399051,0.0557221631,0.2323691593,0.5888857386,0.002457234666,867.303198,0.3903926231,ok
state:MO,Missouri,state,MO,,,2021,,,883.4679594,91.77191316,0.1009543043,0.237586125,0.3995254678,0.001186330412,2061.928732,0.5149053994,ok
state:MO,Missouri,state,MO,,,2022,,,861.1088721,84.25389567,0.1028760187,0.2286771105,0.3949126021,0.001049538203,2049.826732,0.5070468098,ok
state:MO,Missouri,state,MO,,,2023,,,871.6311651,73.27854763,0.09979483606,0.2208415592,0.4010192884,0.001302010676,2085.955615,0.5712726447,ok
state:MO,Missouri,state,MO,,,2024,,,875.5573752,73.26923493,0.09755911663,0.2210323736,0.4207659204,0.001216611284,2095.500119,0.5261086256,ok
state:MT,Montana,state,MT,,,2021,,,901.2462084,145.3622917,0.05268860897,0.2992008669,0.32269971,0.2408383865,1717.135679,0.3078278942,ok
state:MT,Montana,state,MT,,,2022,,,781.769552,124.011091,0.056748236,0.2843416904,0.2994901675,0.217188638,1512.889885,0.2163965756,ok
state:MT,Montana,state,MT,,,2023,,,773.343513,75.80919588,0.06057932657,0.2877518012,0.3085690165,0.2068383284,1525.379708,0.1814441144,ok
state:MT,Montana,state,MT,,,2024,,,724.8570235,78.23641305,0.05074404762,0.2525297619,0.3156169849,0.2141635794,1497.859532,3.939173404e-05,ok
state:NE,Nebraska,state,NE,,,2021,,,468.6182892,83.00547514,0.01505061268,0.2654501865,0.2942690058,0.04362573099,1008.422504,-0.8159969739,ok
state:NE,Nebraska,state,NE,,,2022,,,487.6496836,85.15154837,0.01791158537,0.2498729675,0.2846412556,0.03856502242,1052.296686,-0.8472334446,ok
state:NE,Nebraska,state,NE,,,2023,,,494.6956966,67.01901539,0.03162574518,0.2149136102,0.3790172643,0.0424081452,1310.844259,-0.6563423309,ok
state:NE,Nebraska,state,NE,,,2024,,,561.669861,69.26129044,0.03445599876,0.1844637591,0.4027918268,0.03580821364,1683.964129,-0.4047372721,ok
state:NV,Nevada,state,NV,,,2021,,,1698.524632,129.4986049,0.04424824856,0.3108055317,0.4928779782,0.007750122426,3139.114857,1.222146281,ok
state:NV,Nevada,state,NV,,,2022,,,1570.666398,137.9117792,0.05296690244,0.29291075,0.4837310195,0.00727448016,2978.733602,1.150628334,ok
state:NV,Nevada,state,NV,,,2023,,,1480.216131,69.69092393,0.0501717439,0.2812095276,0.4922321974,0.007485131499,2825.664653,0.7820809935,ok
state:NV,Nevada,state,NV,,,2024,,,1416.7255,74.95615026,0.04821930511,0.2849401605,0.4941536039,0.007409294033,2674.934632,1.048236562,ok
state:NH,New Hampshire,state,NH,,,2021,,,478.5603893,104.5535161,0.01381818182,0.2470909091,0.1215355483,0.0006885866758,964.8394946,-0.8674152446,ok
state:NH,New Hampshire,state,NH,,,2022,,,494.9188448,89.95354841,0.02068842518,0.2332798288,0.1352070514,0.001663063363,977.4603603,-1.07541958,ok
state:NH,New Hampshire,state,NH,,,2023,,,443.2901426,44.9338936,0.01516034985,0.2299319728,0.1430643699,0.001269265639,889.1726253,-1.194133642,ok
state:NH,New Hampshire,state,NH,,,2024,,,477.3676437,43.03711176,0.01479343316,0.240303085,0.1454636759,0.0003347840643,954.218842,-1.168046043,ok
state:NJ,New Jersey,state,NJ,,,2021,,,136.5453422,13.66258682,0.02195351021,0.4086640056,0.5849196082,0.002032895953,228.6403037,-0.8741921918,ok
state:NJ,New Jersey,state,NJ,,,2022,,,283.9040628,29.7760232,0.02186981758,0.3503834992,0.555,0.001572580645,517.1540447,-0.8821495984,ok
state:NJ,New Jersey,state,NJ,,,2023,,,340.851322,18.10255337,0.01712197816,0.3376386115,0.5602834574,0.00188538179,628.4362811,-0.9813038281,ok
state:NJ,New Jersey,state,NJ,,,2024,,,361.7223504,21.34070556,0.01634472511,0.318322094,0.5632041135,0.001877635912,684.7548887,-0.9559585977,ok
state:NM,New Mexico,state,NM,,,2021,,,875.9425983,81.25068762,0.1156200564,0.2797991609,0.5072723838,0.1325085002,1750.079626,1.169853943,ok
state:NM,New Mexico,state,NM,,,2022,,,1141.389065,102.3896629,0.1031124596,0.2532054419,0.4827574292,0.1050794748,2430.000433,1.373452419,ok
state:NM,New Mexico,state,NM,,,2023,,,1209.485492,81.34278346,0.1100537857,0.2517813635,0.4853618001,0.09649066735,2575.618004,1.659587347,ok
state:NM,New Mexico,state,NM,,,2024,,,1253.052292,86.32033759,0.09133844235,0.2499108893,0.4840924626,0.1065680731,2632.301164,1.520538237,ok
state:NY,New York,state,NY,,,2021,,,97.51388318,9.301097109,0.03308905174,0.2494448146,0.4227077292,0.003699630037,221.6023295,-0.5834209189,ok
state:NY,New York,state,NY,,,2022,,,163.7967362,12.25387348,0.03837546622,0.2644840448,0.4610580319,0.004052195249,298.0705313,-0.6470213497,ok
state:NY,New York,state,NY,,,2023,,,551.1303353,25.30631035,0.02553787796,0.203976854,0.7834398491,0.002580778363,1024.868427,-0.400622206,ok
state:NY,New York,state,NY,,,2024,,,542.9067267,23.72383959,0.0225153596,0.1921575714,0.6805739781,0.002810526023,1011.461697,-0.5044482692,ok
state:NC,North Carolina,state,NC,,,2021,,,826.4594086,63.77204077,0.122169089,0.3010101281,0.5693662589,0.009169606445,1744.148915,0.4135953085,ok
state:NC,North Carolina,state,NC,,,2022,,,791.4730982,64.19278539,0.1240572031,0.2885026087,0.5648535043,0.01186184875,1703.41128,0.3466703331,ok
state:NC,North Carolina,state,NC,,,2023,,,753.7248267,39.83237229,0.120781625,0.2750634213,0.5706509441,0.01140220753,1657.031232,0.3439290318,ok
state:NC,North Carolina,state,NC,,,2024,,,726.039539,43.93501957,0.1150152293,0.2654693631,0.5675329679,0.009421181501,1620.570767,0.2975713572,ok
state:ND,North Dakota,state,ND,,,2021,,,1091.575597,174.7786957,0.006715328467,0.2738686131,0.4119044292,0.1886265195,2408.921661,0.01406954549,ok
state:ND,North Dakota,state,ND,,,2022,,,1052.468871,170.0300558,0.007930570103,0.2697890169,0.3868800915,0.1990853223,2295.577501,-0.04013064096,ok
state:ND,North Dakota,state,ND,,,2023,,,1084.171035,84.3965476,0.007519905633,0.2736655854,0.3975569128,0.1903109384,2317.317352,-0.0979321716,ok
state:ND,North Dakota,state,ND,,,2024,,,926.5001181,93.28758886,0.005797555625,0.2478846757,0.3876002918,0.1794310722,2141.587741,-0.3296501707,ok
state:OH,Ohio,state,OH,,,2021,,,633.37162,75.60042779,0.07651764706,0.2332504202,0.5086371344,0.0006888512081,1582.099554,0.0893405869,ok
state:OH,Ohio,state,OH,,,2022,,,644.1512189,82.89453852,0.06816819165,0.2186204739,0.4971342112,0.0008334508713,1632.820227,0.06496928577,ok
state:OH,Ohio,state,OH,,,2023,,,610.2066877,59.2326725,0.06434701671,0.2061404109,0.5000401929,0.0008306538049,1547.697194,0.1165656852,ok
state:OH,Ohio,state,OH,,,2024,,,579.9286457,61.18975112,0.06986776836,0.2020713011,0.5107277909,0.0007946511755,1492.782399,0.04892581862,ok
state:OK,Oklahoma,state,OK,,,2021,,,950.2684196,131.7145847,0.0697504403,0.2578008175,0.3270329524,0.09218044114,1955.444991,0.7914461854,ok
state:OK,Oklahoma,state,OK,,,2022,,,937.4436586,134.1876636,0.06390428947,0.2440424083,0.3260101747,0.09299763455,1988.827539,0.7809696484,ok
state:OK,Oklahoma,state,OK,,,2023,,,933.8477634,100.8494231,0.06321430878,0.2366178085,0.3387107182,0.09421178293,1979.537409,1.046358539,ok
state:OK,Oklahoma,state,OK,,,2024,,,975.3421068,103.0588185,0.06217113505,0.2447694813,0.3407632345,0.08956578906,2011.284815,0.9852276509,ok
state:OR,Oregon,state,OR,,,2021,,,501.6503689,103.1846141,0.04022198732,0.2623150106,0.251912805,0.01246330783,1106.719331,-0.08579777547,ok
state:OR,Oregon,state,OR,,,2022,,,477.0023076,99.59901483,0.04176271913,0.2463946818,0.2636512209,0.009950009614,1087.716876,-0.10979553,ok
state:OR,Oregon,state,OR,,,2023,,,485.6333515,73.32941779,0.04093627552,0.2411837492,0.2764320711,0.01323320665,1125.235275,-0.08292777196,ok
state:OR,Oregon,state,OR,,,2024,,,495.1526111,72.13461556,0.03884936275,0.2428724983,0.286615877,0.01217148267,1118.487289,-0.01904866329,ok
state:PA,Pennsylvania,state,PA,,,2021,,,106.4649737,15.55748229,0.1020919903,0.2698810718,0.6180235202,0.0004548112533,265.7911111,-0.3249442699,ok
state:PA,Pennsylvania,state,PA,,,2022,,,235.6731122,31.94667319,0.07265350653,0.2546793495,0.454401392,0.0007457353261,556.4298523,-0.4021109883,ok
state:PA,Pennsylvania,state,PA,,,2023,,,258.2537226,22.63155558,0.06699884331,0.239226503,0.4664739271,0.0007691899634,639.0855608,-0.4436956307,ok
state:PA,Pennsylvania,state,PA,,,2024,,,269.4744827,28.84547289,0.05669745342,0.2319150072,0.4925103858,0.0007359050445,702.6067005,-0.5203201196,ok
state:RI,Rhode Island,state,RI,,,2021,,,512.9428921,73.52915277,0.0332218972,0.3075637275,0.4020514545,0.001513368085,1053.624327,-0.3271946112,ok
state:RI,Rhode Island,state,RI,,,2022,,,481.1192088,66.49794099,0.02298603652,0.2876476907,0.3761261261,0.0008662508663,1024.993097,-0.6296638961,ok
state:RI,Rhode Island,state,RI,,,2023,,,463.5112884,45.30067833,0.01960784314,0.26628716,0.3842105263,0.001188455008,1037.976412,-0.5957158949,ok
state:RI,Rhode Island,state,RI,,,2024,,,449.1595505,37.62819537,0.01694915254,0.2605388961,0.3995508723,0.001381931249,995.2008913,-0.6091426404,ok
state:SC,South Carolina,state,SC,,,2021,,,1199.557087,71.34314864,0.1109764412,0.3050715855,0.5075546321,0.001749685603,2494.836835,0.7900450094,ok
state:SC,South Carolina,state,SC,,,2022,,,1159.544495,66.80693656,0.115879181,0.2964478299,0.5209067737,0.002060849287,2453.813228,0.8482325012,ok
state:SC,South Carolina,state,SC,,,2023,,,1130.882638,51.54606898,0.106482336,0.2892133338,0.5330521877,0.002354594975,2458.33004,0.8522887259,ok
state:SC,South Carolina,state,SC,,,2024,,,1060.327045,52.84066148,0.1014161718,0.2812547586,0.5318661495,0.002182736538,2336.731474,0.7259167224,ok
state:SD,South Dakota,state,SD,,,2021,,,1128.976014,136.0752547,0.03221153846,0.3719551282,0.5842105263,0.4408668731,1866.174922,0.006664810436,ok
state:SD,South Dakota,state,SD,,,2022,,,1142.72165,138.5117151,0.02869591346,0.3604266827,0.5911330049,0.4411764706,1953.249948,0.09685685869,ok
state:SD,South Dakota,state,SD,,,2023,,,1096.91875,80.29052462,0.02509803922,0.3632941176,0.5844350962,0.4344951923,1841.194584,-0.02905144379,ok
state:SD,South Dakota,state,SD,,,2024,,,1039.72145,71.15854758,0.02851587816,0.3357096565,0.5685731857,0.4020602706,1778.099416,-0.1692693623,ok
state:TN,Tennessee,state,TN,,,2021,,,1212.034518,90.25788966,0.1459761426,0.2441093187,0.4851268377,0.001614520903,2779.935878,0.9445444203,ok
state:TN,Tennessee,state,TN,,,2022,,,1077.420786,94.34335268,0.1433333783,0.2198858192,0.491142224,0.001588379213,2606.331853,0.8391103478,ok
state:TN,Tennessee,state,TN,,,2023,,,1020.817557,62.62535067,0.1464636319,0.2012803514,0.5033010148,0.001672514179,2596.361498,1.01207637,ok
state:TN,Tennessee,state,TN,,,2024,,,976.7192926,64.46189857,0.144645303,0.1948358399,0.5142014296,0.001815362505,2524.352596,1.055984277,ok
state:TX,Texas,state,TX,,,2021,,,1005.021758,86.91479485,0.09433714528,0.2403600169,0.5130786495,0.001062458474,2115.524027,0.5163967117,ok
state:TX,Texas,state,TX,,,2022,,,955.828874,84.39648781,0.09585878691,0.2255720875,0.5140003627,0.001303360149,2043.268133,0.5511772896,ok
state:TX,Texas,state,TX,,,2023,,,921.482343,68.09894068,0.08530834711,0.221275907,0.5173454514,0.001426506865,1966.876366,0.5943342998,ok
state:TX,Texas,state,TX,,,2024,,,898.5279969,66.90489683,0.07933633558,0.2173202756,0.522234075,0.001377628772,1935.315519,0.5654380581,ok
state:UT,Utah,state,UT,,,2021,,,561.9927144,176.6262817,0.03008682776,0.2163290032,0.2606053384,0.02561963775,1248.99413,-0.2782812551,ok
state:UT,Utah,state,UT,,,2022,,,524.3895894,178.6101725,0.02822313502,0.2020670465,0.2926843252,0.02568512785,1242.369559,-0.406841454,ok
state:UT,Utah,state,UT,,,2023,,,537.5893802,103.7595293,0.02445704095,0.1893509968,0.2870480302,0.02191041554,1271.762974,-0.3012462,ok
state:UT,Utah,state,UT,,,2024,,,520.8890383,108.9138754,0.02938901779,0.1947666924,0.2736488318,0.018702228,1216.636206,-0.1891012918,ok
state:VT,Vermont,state,VT,,,2021,,,323.7927397,54.65172254,0.03601108033,0.287534626,0.04722679846,0.001098297639,675.6599944,-0.7810901006,ok
state:VT,Vermont,state,VT,,,2022,,,342.4153139,47.84842814,0.05912961211,0.215704825,0.07797087835,0.002348520432,790.246696,-0.8095483332,ok
state:VT,Vermont,state,VT,,,2023,,,306.566137,32.23066966,0.03565640194,0.2128579146,0.0744908896,0.003215434084,693.7089481,-1.101269597,ok
state:VT,Vermont,state,VT,,,2024,,,329.9183886,38.79219575,0.03359580052,0.2325459318,0.1045314109,0.001544799176,703.8012657,-1.031067558,ok
state:VA,Virginia,state,VA,,,2021,,,732.7134582,72.05780185,0.05271765607,0.2189957547,0.5016398163,0.0008639032428,1668.651982,-0.304514796,ok
state:VA,Virginia,state,VA,,,2022,,,729.3385918,69.27853159,0.0552706064,0.2060897161,0.5009451796,0.0009529909856,1677.852928,-0.2728365966,ok
state:VA,Virginia,state,VA,,,2023,,,762.793674,45.92834104,0.04666710578,0.2066098011,0.5037493305,0.0008331845504,1736.697568,-0.2622938079,ok
state:VA,Virginia,state,VA,,,2024,,,716.7573887,43.26134758,0.04439717975,0.193080002,0.5101274192,0.0009917057339,1682.852329,-0.4255428725,ok
state:WA,Washington,state,WA,,,2021,,,554.6961676,86.49678759,0.0544001305,0.2375825789,0.3519213095,0.02168459227,1215.28317,-0.287242271,ok
state:WA,Washington,state,WA,,,2022,,,563.7420391,85.96020193,0.07179344528,0.221398948,0.3578116394,0.02063062236,1292.475371,-0.2350632369,ok
state:WA,Washington,state,WA,,,2023,,,564.3519583,61.84767897,0.06890828157,0.2128612026,0.3698188136,0.02044269952,1290.267187,-0.02731326717,ok
state:WA,Washington,state,WA,,,2024,,,557.7811309,64.69740746,0.06023031466,0.2135461387,0.3792516626,0.02001836136,1256.443326,-0.0640443098,ok
state:West Virginia,West Virginia,state,,,,2021,,,593.4949729,59.30782902,0.06327282294,0.3159694817,0.1707603867,0.0006532532009,1055.873808,0.3352241474,ok
state:West Virginia,West Virginia,state,,,,2022,,,565.033223,50.7848132,0.06102556858,0.3151575081,0.177852349,0.0006991051454,984.9471031,0.3238453046,ok
state:West Virginia,West Virginia,state,,,,2023,,,619.8800427,46.59594903,0.05039852851,0.2870631514,0.2006067961,0.0001213592233,1141.111004,0.302551587,ok
state:West Virginia,West Virginia,state,,,,2024,,,592.2043713,45.19051906,0.05721233841,0.2859337002,0.1959365079,0.000253968254,1086.380078,0.3187714126,ok
state:WI,Wisconsin,state,WI,,,2021,,,673.8467262,77.62397242,0.1028156997,0.4421346572,0.4742194214,0.01926382125,1110.686185,-0.1962992355,ok
state:WI,Wisconsin,state,WI,,,2022,,,643.8002176,75.76136746,0.1016675208,0.4232664485,0.4730394798,0.02205697453,1087.012788,-0.2246245852,ok
state:WI,Wisconsin,state,WI,,,2023,,,644.756289,44.36455132,0.09153291463,0.4090098473,0.4710475181,0.01738208797,1099.269199,-0.3275468957,ok
state:WI,Wisconsin,state,WI,,,2024,,,644.1301589,44.87964474,0.08052313424,0.3935292552,0.474502318,0.02092991546,1106.344232,-0.319075802,ok
state:WY,Wyoming,state,WY,,,2021,,,583.628578,90.56305521,0.02186805041,0.2453669385,0.2150828542,0.08691241123,1234.035975,-0.1193697712,ok
state:WY,Wyoming,state,WY,,,2022,,,584.582749,71.4339322,0.03563390848,0.2393098275,0.2621359223,0.1178439906,1205.334578,-0.0302699389,ok
state:WY,Wyoming,state,WY,,,2023,,,642.7719046,48.78978942,0.0268616117,0.2672560354,0.245398773,0.1153374233,1316.429089,-0.3028099866,ok
state:WY,Wyoming,state,WY,,,2024,,,606.464916,68.99637088,0.03044189853,0.2373158756,0.2373869933,0.09973753281,1342.572694,-0.1918698762,ok
