column,variable_type,count,missing_count,missing_pct,mean,std,min,25%,median,75%,max,iqr,skew,kurtosis,high_skew,extreme_skew,near_zero_variance
data_year,time,204,0,0.0,2022.5,1.1207843840221812,2021.0,2021.75,2022.5,2023.25,2024.0,1.5,0.0,-1.3639328111915672,False,False,False
total_incidents,count,204,0,0.0,34284.77450980392,38853.05994058812,229.0,9163.0,22945.0,41735.5,236100.0,32572.5,3.0156277729798657,12.046904087483211,True,True,False
white_victims,count,204,0,0.0,20213.058823529413,25045.990466927622,129.0,5184.5,14754.0,25783.25,159029.0,20598.75,3.847219172320578,17.78301675413481,True,True,False
black_victims,count,204,0,0.0,11926.598039215687,14543.538863193437,40.0,876.75,5838.5,18162.0,71288.0,17285.25,1.711452022697191,3.130580930206954,True,False,False
nat_amer_victims,count,204,0,0.0,527.3676470588235,895.3548473054977,1.0,43.75,125.0,453.5,4185.0,409.75,2.3073685264056008,4.579684220345348,True,True,False
asian_victims,count,204,0,0.0,520.3088235294117,1045.3548565340848,8.0,68.0,224.0,473.5,8754.0,405.5,4.819253187273635,28.096172816890792,True,True,False
hispanic_victims,count,204,0,0.0,5577.544117647059,14142.584556715821,11.0,647.25,1836.5,4856.25,96718.0,4209.0,5.211066858110273,28.56296550621787,True,True,False
other_race_victims,count,204,0,0.0,1097.4411764705883,2031.8020154582691,2.0,224.0,528.0,1176.0,23871.0,952.0,7.626145129121257,79.18465884554773,True,True,False
victims_age_18_29,count,204,0,0.0,13083.18137254902,15081.650143001842,102.0,3397.25,9057.0,15726.0,97079.0,12328.75,3.1299853940983424,13.07514660458126,True,True,False
victims_age_30_39,count,204,0,0.0,9882.28431372549,11217.66923085873,70.0,2596.0,6723.5,11908.75,67643.0,9312.75,3.022304493302577,12.033578490864457,True,True,False
victims_age_40_49,count,204,0,0.0,5893.107843137255,6705.372368418476,41.0,1550.0,3954.5,7475.25,41292.0,5925.25,3.123535956496926,12.82065555567597,True,True,False
victims_age_50_59,count,204,0,0.0,3221.975490196078,3533.7582673418888,13.0,831.75,2116.5,4277.0,20705.0,3445.25,2.727844538478257,9.948077324246597,True,True,False
victims_age_60_69,count,204,0,0.0,1516.0,1663.8824679030288,3.0,381.5,1014.0,2067.5,9664.0,1686.0,2.578381385545832,8.774828489993961,True,True,False
victims_age_70_79,count,204,0,0.0,502.97549019607845,568.839943366945,0.0,124.0,344.0,681.75,3528.0,557.75,2.6408187395546547,9.265225667148336,True,True,False
victims_age_80_plus,count,204,0,0.0,185.25,211.18131553136195,0.0,42.0,114.5,281.5,1578.0,239.5,2.886590488360122,12.515611120973027,True,True,False
involving_firearm,count,204,0,0.0,2481.857843137255,3513.0132764031064,2.0,372.25,1502.0,3041.0,22298.0,2668.75,3.1961937638182127,13.197028746291373,True,True,False
sex_assaults,count,204,0,0.0,1430.7794117647059,1518.9649818629,3.0,489.25,1088.0,1847.0,9700.0,1357.75,2.99230564037868,11.698438857808332,True,True,False
victim_offender_nonmarried_partner,count,204,0,0.0,7995.558823529412,8769.808798151113,33.0,2066.5,5583.0,10400.75,56749.0,8334.25,3.036679080356169,12.339288395876522,True,True,False
victim_offender_rel_spouse,count,204,0,0.0,3010.8970588235293,3924.410026155565,0.0,703.5,1983.0,3991.5,25793.0,3288.0,3.9610574693882192,19.412112733859296,True,True,False
dv_total,count,204,0,0.0,15097.122549019608,17472.373739655646,68.0,3855.75,10638.5,19173.75,112164.0,15318.0,3.346103721963559,14.814416716049273,True,True,False
firearm_nonmarried,count,204,0,0.0,242.88235294117646,336.2208338951875,0.0,39.5,141.5,314.75,2190.0,275.25,3.2310551429324135,13.521422358372,True,True,False
near_school,count,204,0,0.0,432.03921568627453,580.757691289147,0.0,107.0,283.0,490.75,4351.0,383.75,3.822055606528181,19.362778966114508,True,True,False
on_tribal_lands,count,204,0,0.0,20.245098039215687,110.76375572254557,0.0,0.0,1.0,4.0,957.0,4.0,7.121649369134551,50.84221632015269,True,True,False
fem_pop,population,204,0,0.0,2619330.7539215684,2937014.623779564,218632.2,719062.75,1792834.1,3034915.35,15640336.0,2315852.6,2.4821517418761254,6.981885769822062,True,True,False
white_pop,population,204,0,0.0,0.6488735112696078,0.15900387669103194,0.206872537,0.55265846475,0.6602761595,0.765741921,0.906271977,0.21308345625000003,-0.5745578513497247,-0.1215906664985904,False,False,False
black_pop,population,204,0,0.0,0.10508837450980392,0.09905291940582733,0.003022248,0.03099746825,0.06969673400000001,0.14115603525,0.426751735,0.11015856700000001,1.3254556058899254,1.1217064110525379,True,False,False
nat_amer_pop,population,204,0,0.0,0.01220425950490196,0.025456333352839106,0.000413402,0.00116354825,0.0025981750000000003,0.006703501000000001,0.134611211,0.00553995275,3.0264444341986234,9.31467045178021,True,True,False
asian_pop,population,204,0,0.0,0.04446880331372549,0.05291737012763625,0.006152592,0.01745935725,0.0293609975,0.050583776,0.364536025,0.033124418749999995,4.2818938248994645,22.171337139261755,True,True,False
hispanic_pop,population,204,0,0.0,0.13100327359313724,0.10315562858164004,0.017022265,0.0579137765,0.1049255,0.15238223625,0.501511822,0.09446845975,1.699572616855571,2.7436547951729238,True,False,False
other_race_pop,population,204,0,0.0,0.05846795350490195,0.039207381975304254,0.034755818,0.04486735375,0.049655217,0.055273714,0.318372638,0.010406360250000003,5.476560754301806,32.55891380350569,True,True,False
diversity_index,index,204,0,0.0,0.4947470113137255,0.14482966704457556,0.175932421,0.39635841075,0.520403588,0.61883471425,0.723584221,0.22247630350000003,-0.4253506195779119,-0.7817626906073896,False,False,False
%_fem_age_18-29,percentage,204,0,0.0,0.20143945588725493,0.01766116186339829,0.163088368,0.19119960675,0.20084600600000002,0.20870833,0.270583012,0.017508723249999997,1.3879655432019173,3.988782299703358,True,False,False
%_fem_age_30-39,percentage,204,0,0.0,0.17373438125,0.015511725450967883,0.14444761,0.1646217585,0.1708033105,0.17735027650000001,0.249868092,0.012728518000000022,2.0925581823351873,7.329723855546616,True,True,False
%_fem_age_40-49,percentage,204,0,0.0,0.15720072536764707,0.008032256850555515,0.138384204,0.15215227674999998,0.15698452499999999,0.16326985575,0.179352429,0.011117579000000016,0.16709674217222553,-0.04744722106582566,False,False,False
fem_age_50-59,numeric,204,0,0.0,0.15374360415686275,0.011276107463315383,0.110327106,0.14801011125,0.154584654,0.16163515225,0.180565387,0.013625041000000004,-0.8833341565698669,1.819025007695679,False,False,False
fem_age_60-69,numeric,204,0,0.0,0.15860448144117648,0.014086873090825063,0.102537755,0.15302165025,0.158493147,0.16588939525,0.189708832,0.012867744999999986,-0.9685732601777318,3.1646409378758107,False,False,False
fem_age_70-79,numeric,204,0,0.0,0.10509238752450979,0.011834212536393059,0.072630542,0.09901605200000001,0.104874362,0.11270367925,0.135892724,0.013687627249999987,-0.17224130985581734,0.35117196961311503,False,False,False
fem_age_80+,numeric,204,0,0.0,0.0501849643627451,0.00694746525763844,0.026666585,0.046471831,0.0509488565,0.054091975,0.066510222,0.007620144000000002,-0.5760883352520615,1.1577950726147246,False,False,False
age_coef_variation,numeric,204,0,0.0,0.47520181644607845,0.044010521960903964,0.321987597,0.44593947074999996,0.4740863065,0.5110043965,0.583775874,0.06506492575,-0.2995241311177147,0.4002406077578575,False,False,False
fem_poverty_rate,rate,204,0,0.0,0.13438235294117648,0.02828672480772076,0.081,0.11475,0.1295,0.14725,0.215,0.03249999999999999,0.8227740236499342,0.3038763580732611,False,False,False
male_poverty_rate,rate,204,0,0.0,0.11105392156862745,0.023861505869874487,0.06,0.094,0.107,0.123,0.176,0.028999999999999998,0.7392019612290259,0.23963047529976533,False,False,False
poverty_gender_disparity_score,score,204,0,0.0,1.2129209819215687,0.06121054027291117,1.038834951,1.17840709925,1.2089285715,1.2464264445,1.430232558,0.06801934524999997,0.4014493734056608,1.7130655497347758,False,False,False
fem_labor_force_part,numeric,204,0,0.0,0.5959215757745098,0.03506555475901147,0.491887738,0.57453144525,0.595245248,0.62012413425,0.707815287,0.04559268900000002,-0.0017459503799012064,0.6756413279901237,False,False,False
all_labor_force_part,numeric,204,0,0.0,0.6377941394411765,0.03467129224736917,0.526301462,0.61686555325,0.6387771,0.661277757,0.727739074,0.04441220374999999,-0.36038411292320116,0.4456489091445466,False,False,False
labor_force_ratio,ratio,204,0,0.0,0.9342270883382353,0.013720411487834957,0.890570052,0.926445747,0.933717431,0.94260793875,0.979542854,0.01616219175,0.1153871600838361,1.1327357020493145,False,False,False
unemployment_rate,rate,204,0,0.0,0.04464215686274509,0.013099632877753602,0.019,0.036,0.043,0.05025,0.097,0.014250000000000006,1.0347200647494321,1.7053852253205073,True,False,False
mhhi,numeric,204,0,0.0,75809.44117647059,13726.498271931214,48716.0,66424.0,73891.0,84869.5,121875.0,18445.5,0.5823702651086993,0.22357609508352283,False,False,False
%_at_least_bach_degree,percentage,204,0,0.0,0.3549263356617647,0.06853949291311574,0.239893934,0.31632113349999996,0.34673391750000004,0.38975972875000003,0.659441853,0.07343859525000007,1.5618508326858078,4.983876906106165,True,False,False
%_at_least_high_school,percentage,204,0,0.0,0.9113005154411765,0.023698085419646776,0.844485345,0.89556244825,0.9143439440000001,0.93021574,0.95503496,0.03465329174999998,-0.5238276768158685,-0.15852629041799116,False,False,False
avg_years_schooling,count,204,0,0.0,13.70122785117647,0.3949712413466709,13.06370163,13.4688287025,13.687694765,13.895773890000001,15.53924099,0.4269451875000012,1.5091177076088773,5.415407879979906,True,False,False
gun_deaths_per_100k,rate,200,4,1.9607843137254901,15.642999999999999,6.341460526411892,3.1,12.0,15.149999999999999,20.025,33.9,8.024999999999999,0.13063102795772616,-0.2501488662088289,False,False,False
white_adj_rate,rate,204,0,0.0,1422.4568479315978,848.2915295438372,2.808739446,938.50759305,1288.515845,1674.5388722500002,5554.399811,736.0312792000002,2.340527560542533,7.3355493711030775,True,True,False
black_adj_rate,rate,204,0,0.0,4481.616439352583,2159.5028511306546,3.729967027,2907.29152625,4369.343054999999,5969.420680249999,13062.12318,3062.1291539999993,0.5519325143890187,0.7963112366639957,False,False,False
nat_amer_adj_rate,rate,204,0,0.0,3332.1475497289216,2852.373380740021,138.2808451,1217.192893,2333.6745375,4469.64113125,12807.56264,3252.4482382500005,1.4112416889331612,1.4413752218135847,True,False,False
asian_adj_rate,rate,204,0,0.0,498.15308426367164,309.09047618520975,3.204019429,333.112874775,431.50530815,571.8071098,1766.727566,238.694235025,1.57707731495478,2.8628065374289773,True,False,False
hispanic_adj_rate,rate,204,0,0.0,1201.944119958956,639.1086594312385,2.412635026,698.9222705,1237.5732404999999,1588.8956865,3172.503091,889.973416,0.20180232460996442,-0.2834696087899853,False,False,False
