var1,var2,correlation,abs_correlation,strength,direction,likely_structural,scale_effect,redundant_feature_pair
asian_victims,victim_offender_nonmarried_partner,0.6982862157673848,0.6982862157673848,moderate,positive,False,False,False
fem_poverty_rate,all_labor_force_part,-0.6955942996872607,0.6955942996872607,moderate,negative,False,False,False
hispanic_victims,firearm_nonmarried,0.6937035310289081,0.6937035310289081,moderate,positive,False,False,False
mhhi,avg_years_schooling,0.6930198602437807,0.6930198602437807,moderate,positive,False,False,False
%_at_least_bach_degree,gun_deaths_per_100k,-0.6929878755942285,0.6929878755942285,moderate,negative,False,False,False
hispanic_victims,fem_pop,0.6917997315638205,0.6917997315638205,moderate,positive,False,True,False
fem_poverty_rate,mhhi,-0.6917571585790354,0.6917571585790354,moderate,negative,False,False,False
all_labor_force_part,mhhi,0.6914791380883619,0.6914791380883619,moderate,positive,False,False,False
male_poverty_rate,all_labor_force_part,-0.6875799480005574,0.6875799480005574,moderate,negative,False,False,False
near_school,fem_pop,0.6863940768938668,0.6863940768938668,moderate,positive,False,True,False
fem_labor_force_part,mhhi,0.68314942927802,0.68314942927802,moderate,positive,False,False,False
all_labor_force_part,avg_years_schooling,0.6810373065383628,0.6810373065383628,moderate,positive,False,False,False
%_fem_age_18-29,%_fem_age_30-39,0.6794802956500963,0.6794802956500963,moderate,positive,False,False,False
all_labor_force_part,%_at_least_bach_degree,0.6788134991476223,0.6788134991476223,moderate,positive,False,False,False
asian_victims,victims_age_18_29,0.67563869288376,0.67563869288376,moderate,positive,False,False,False
%_fem_age_40-49,fem_age_60-69,-0.6625340094967198,0.6625340094967198,moderate,negative,False,False,False
fem_age_80+,age_coef_variation,0.658064345621349,0.658064345621349,moderate,positive,False,False,False
white_pop,hispanic_pop,-0.6561258893053742,0.6561258893053742,moderate,negative,False,False,False
victims_age_80_plus,firearm_nonmarried,0.6561155278806046,0.6561155278806046,moderate,positive,False,False,False
fem_poverty_rate,%_at_least_high_school,-0.6551274084186905,0.6551274084186905,moderate,negative,False,False,False
male_poverty_rate,%_at_least_high_school,-0.6526021843780928,0.6526021843780928,moderate,negative,False,False,False
male_poverty_rate,mhhi,-0.6501752346414252,0.6501752346414252,moderate,negative,False,False,False
fem_poverty_rate,fem_labor_force_part,-0.6496197990769169,0.6496197990769169,moderate,negative,False,False,False
asian_victims,near_school,0.6417587174185444,0.6417587174185444,moderate,positive,False,False,False
mhhi,gun_deaths_per_100k,-0.6390132341275163,0.6390132341275163,moderate,negative,False,False,False
black_adj_rate,hispanic_adj_rate,0.6369408729098553,0.6369408729098553,moderate,positive,False,False,False
male_poverty_rate,fem_labor_force_part,-0.6366844443908054,0.6366844443908054,moderate,negative,False,False,False
%_at_least_high_school,avg_years_schooling,0.6328530915594298,0.6328530915594298,moderate,positive,False,False,False
%_fem_age_18-29,fem_age_80+,-0.6325956665916622,0.6325956665916622,moderate,negative,False,False,False
black_adj_rate,asian_adj_rate,0.6313067580164091,0.6313067580164091,moderate,positive,False,False,False
male_poverty_rate,gun_deaths_per_100k,0.6283714075332408,0.6283714075332408,moderate,positive,False,False,False
%_fem_age_30-39,fem_age_80+,-0.6276231660870548,0.6276231660870548,moderate,negative,False,False,False
white_pop,asian_pop,-0.6226374339863253,0.6226374339863253,moderate,negative,False,False,False
fem_poverty_rate,gun_deaths_per_100k,0.6207365955144819,0.6207365955144819,moderate,positive,False,False,False
%_fem_age_40-49,fem_age_80+,-0.6185500365985067,0.6185500365985067,moderate,negative,False,False,False
black_victims,hispanic_victims,0.6181217714069613,0.6181217714069613,moderate,positive,False,False,False
asian_victims,other_race_victims,0.6155362547692451,0.6155362547692451,moderate,positive,False,False,False
black_victims,fem_pop,0.6013411221933462,0.6013411221933462,moderate,positive,False,True,False
%_fem_age_18-29,fem_age_50-59,-0.5989007950764709,0.5989007950764709,moderate,negative,False,False,False
hispanic_pop,diversity_index,0.5977566391060467,0.5977566391060467,moderate,positive,False,False,False
hispanic_victims,hispanic_pop,0.5935610398088428,0.5935610398088428,moderate,positive,False,True,False
fem_age_60-69,fem_age_80+,0.5813495003916436,0.5813495003916436,moderate,positive,False,False,False
%_fem_age_30-39,fem_age_50-59,-0.5791525415240424,0.5791525415240424,moderate,negative,False,False,False
fem_labor_force_part,%_at_least_high_school,0.5776854948528186,0.5776854948528186,moderate,positive,False,False,False
fem_age_50-59,asian_adj_rate,-0.5722269710891574,0.5722269710891574,moderate,negative,False,False,False
age_coef_variation,gun_deaths_per_100k,-0.5651552210879448,0.5651552210879448,moderate,negative,False,False,False
hispanic_pop,white_adj_rate,0.5640915464867907,0.5640915464867907,moderate,positive,True,False,False
diversity_index,%_at_least_high_school,-0.5599767181756246,0.5599767181756246,moderate,negative,False,False,False
avg_years_schooling,gun_deaths_per_100k,-0.559461534559337,0.559461534559337,moderate,negative,False,False,False
nat_amer_adj_rate,asian_adj_rate,0.5591811789569474,0.5591811789569474,moderate,positive,False,False,False
white_pop,%_at_least_high_school,0.5575572485465076,0.5575572485465076,moderate,positive,False,True,False
unemployment_rate,%_at_least_high_school,-0.5574274316716138,0.5574274316716138,moderate,negative,False,False,False
fem_pop,%_at_least_high_school,-0.5573473528428292,0.5573473528428292,moderate,negative,False,True,False
involving_firearm,fem_pop,0.5557648195205496,0.5557648195205496,moderate,positive,False,True,False
white_adj_rate,hispanic_adj_rate,0.5520611960471026,0.5520611960471026,moderate,positive,False,False,False
nat_amer_victims,on_tribal_lands,0.547488396813963,0.547488396813963,moderate,positive,False,False,False
hispanic_pop,%_at_least_high_school,-0.5470069379499714,0.5470069379499714,moderate,negative,False,True,False
%_fem_age_30-39,all_labor_force_part,0.5448636675692302,0.5448636675692302,moderate,positive,False,False,False
fem_poverty_rate,avg_years_schooling,-0.5405632830770508,0.5405632830770508,moderate,negative,False,False,False
fem_age_70-79,all_labor_force_part,-0.5372388372446105,0.5372388372446105,moderate,negative,False,False,False
%_fem_age_40-49,fem_age_70-79,-0.5364835138383831,0.5364835138383831,moderate,negative,False,False,False
diversity_index,unemployment_rate,0.5345668514163741,0.5345668514163741,moderate,positive,False,False,False
fem_pop,hispanic_pop,0.532289832146921,0.532289832146921,moderate,positive,False,False,False
victims_age_70_79,%_at_least_high_school,-0.5311281111374792,0.5311281111374792,moderate,negative,False,False,False
victims_age_60_69,%_at_least_high_school,-0.5213819090585917,0.5213819090585917,moderate,negative,False,False,False
white_adj_rate,black_adj_rate,0.5209691698113852,0.5209691698113852,moderate,positive,False,False,False
all_labor_force_part,%_at_least_high_school,0.5195118746624179,0.5195118746624179,moderate,positive,False,False,False
fem_labor_force_part,gun_deaths_per_100k,-0.517888196849313,0.517888196849313,moderate,negative,False,False,False
victims_age_50_59,%_at_least_high_school,-0.5174141601855631,0.5174141601855631,moderate,negative,False,False,False
white_pop,unemployment_rate,-0.516196577927457,0.516196577927457,moderate,negative,True,False,False
asian_pop,diversity_index,0.5116755092999858,0.5116755092999858,moderate,positive,False,False,False
diversity_index,fem_age_60-69,-0.510130216821865,0.510130216821865,moderate,negative,False,False,False
asian_adj_rate,hispanic_adj_rate,0.5080762895906478,0.5080762895906478,moderate,positive,False,False,False
victims_age_40_49,%_at_least_high_school,-0.5075295916758644,0.5075295916758644,moderate,negative,False,False,False
labor_force_ratio,avg_years_schooling,0.5055526538924734,0.5055526538924734,moderate,positive,False,False,False
victim_offender_nonmarried_partner,%_at_least_high_school,-0.5032307227127801,0.5032307227127801,moderate,negative,False,False,False
dv_total,%_at_least_high_school,-0.5023256373832676,0.5023256373832676,moderate,negative,False,False,False
total_incidents,%_at_least_high_school,-0.5003372566591592,0.5003372566591592,moderate,negative,False,False,False
male_poverty_rate,avg_years_schooling,-0.5003121213100181,0.5003121213100181,moderate,negative,False,False,False
%_fem_age_30-39,fem_labor_force_part,0.5002571566091651,0.5002571566091651,moderate,positive,False,False,False
fem_age_50-59,fem_age_60-69,0.49970126497469275,0.49970126497469275,moderate,positive,False,False,False
asian_victims,hispanic_pop,0.4990766708450592,0.4990766708450592,moderate,positive,False,True,False
victims_age_30_39,%_at_least_high_school,-0.498050253138898,0.498050253138898,moderate,negative,False,False,False
all_labor_force_part,gun_deaths_per_100k,-0.49739528284402745,0.49739528284402745,moderate,negative,False,False,False
white_pop,fem_age_60-69,0.49572922293379973,0.49572922293379973,moderate,positive,False,False,False
victim_offender_rel_spouse,%_at_least_high_school,-0.49439300907043315,0.49439300907043315,moderate,negative,False,False,False
%_fem_age_40-49,labor_force_ratio,-0.49431820499669743,0.49431820499669743,moderate,negative,False,False,False
white_victims,%_at_least_high_school,-0.4926620307215528,0.4926620307215528,moderate,negative,False,False,False
%_fem_age_30-39,%_at_least_bach_degree,0.4920179004114123,0.4920179004114123,moderate,positive,False,False,False
fem_poverty_rate,%_at_least_bach_degree,-0.4916343072872637,0.4916343072872637,moderate,negative,False,False,False
fem_age_50-59,nat_amer_adj_rate,-0.48944994204114767,0.48944994204114767,moderate,negative,False,False,False
black_pop,diversity_index,0.4886711013263606,0.4886711013263606,moderate,positive,False,False,False
firearm_nonmarried,fem_pop,0.4878272209493711,0.4878272209493711,moderate,positive,False,True,False
victims_age_18_29,%_at_least_high_school,-0.48729673486361186,0.48729673486361186,moderate,negative,False,False,False
all_labor_force_part,nat_amer_adj_rate,0.4843258081907094,0.4843258081907094,moderate,positive,False,False,False
victims_age_80_plus,%_at_least_high_school,-0.48392057571407876,0.48392057571407876,moderate,negative,False,False,False
asian_pop,mhhi,0.48161474966483014,0.48161474966483014,moderate,positive,False,False,False
asian_pop,gun_deaths_per_100k,-0.48009774780433684,0.48009774780433684,moderate,negative,False,False,False
white_victims,hispanic_pop,0.47827377824427936,0.47827377824427936,moderate,positive,False,True,False
%_fem_age_18-29,all_labor_force_part,0.4750714915832588,0.4750714915832588,moderate,positive,False,False,False
hispanic_victims,%_at_least_high_school,-0.4703017691133361,0.4703017691133361,moderate,negative,False,False,False
black_pop,fem_poverty_rate,0.46301336876624,0.46301336876624,moderate,positive,True,False,False
black_victims,black_pop,0.45844392580891197,0.45844392580891197,moderate,positive,False,True,False
victims_age_80_plus,hispanic_pop,0.4569782492109298,0.4569782492109298,moderate,positive,False,True,False
%_fem_age_18-29,%_fem_age_40-49,0.4545465646416347,0.4545465646416347,moderate,positive,False,False,False
black_victims,asian_victims,0.4544642722694331,0.4544642722694331,moderate,positive,False,False,False
nat_amer_victims,nat_amer_adj_rate,0.4541393870228506,0.4541393870228506,moderate,positive,False,False,False
fem_labor_force_part,nat_amer_adj_rate,0.4533486395382475,0.4533486395382475,moderate,positive,False,False,False
asian_victims,%_at_least_high_school,-0.45234950076976915,0.45234950076976915,moderate,negative,False,False,False
black_pop,male_poverty_rate,0.4517759066504915,0.4517759066504915,moderate,positive,True,False,False
nat_amer_pop,nat_amer_adj_rate,0.44995859041523534,0.44995859041523534,moderate,positive,True,False,False
%_fem_age_18-29,asian_adj_rate,0.4496895672577845,0.4496895672577845,moderate,positive,False,False,False
victims_age_70_79,hispanic_pop,0.4495284087479608,0.4495284087479608,moderate,positive,False,True,False
male_poverty_rate,%_at_least_bach_degree,-0.44682535005331797,0.44682535005331797,moderate,negative,False,False,False
%_fem_age_30-39,mhhi,0.4446401816801314,0.4446401816801314,moderate,positive,False,False,False
diversity_index,%_fem_age_30-39,0.44433594390334186,0.44433594390334186,moderate,positive,False,False,False
%_at_least_high_school,nat_amer_adj_rate,0.4400697457743765,0.4400697457743765,moderate,positive,False,False,False
white_pop,%_fem_age_30-39,-0.43716629706999904,0.43716629706999904,moderate,negative,False,False,False
asian_victims,involving_firearm,0.4364450013902318,0.4364450013902318,moderate,positive,False,False,False
victim_offender_rel_spouse,hispanic_pop,0.43634506027402503,0.43634506027402503,moderate,positive,False,True,False
fem_pop,diversity_index,0.43610376004498763,0.43610376004498763,moderate,positive,False,False,False
asian_victims,white_pop,-0.4309102167552943,0.4309102167552943,moderate,negative,False,True,False
sex_assaults,%_at_least_high_school,-0.4297345645542536,0.4297345645542536,moderate,negative,False,False,False
sex_assaults,labor_force_ratio,-0.42887862456621006,0.42887862456621006,moderate,negative,False,False,False
sex_assaults,hispanic_pop,0.4284376484285393,0.4284376484285393,moderate,positive,False,True,False
black_victims,%_at_least_high_school,-0.4282622263620276,0.4282622263620276,moderate,negative,False,False,False
victim_offender_rel_spouse,%_fem_age_40-49,0.4269519428754526,0.4269519428754526,moderate,positive,False,False,False
fem_age_70-79,fem_labor_force_part,-0.4260895666363519,0.4260895666363519,moderate,negative,False,False,False
involving_firearm,%_at_least_high_school,-0.42574605850339375,0.42574605850339375,moderate,negative,False,False,False
fem_pop,white_pop,-0.4255106489142759,0.4255106489142759,moderate,negative,False,False,False
near_school,%_at_least_high_school,-0.42497529847106247,0.42497529847106247,moderate,negative,False,False,False
sex_assaults,%_fem_age_40-49,0.4247741385372648,0.4247741385372648,moderate,positive,False,False,False
white_pop,black_pop,-0.4223538385304993,0.4223538385304993,moderate,negative,False,False,False
victims_age_60_69,hispanic_pop,0.4219035319698985,0.4219035319698985,moderate,positive,False,True,False
fem_age_60-69,all_labor_force_part,-0.41908087838419567,0.41908087838419567,moderate,negative,False,False,False
diversity_index,%_fem_age_40-49,0.4181439561561823,0.4181439561561823,moderate,positive,False,False,False
victims_age_70_79,diversity_index,0.4154578690606203,0.4154578690606203,moderate,positive,False,False,False
white_victims,white_adj_rate,0.415380066541492,0.415380066541492,moderate,positive,False,False,False
victims_age_40_49,hispanic_pop,0.41493500646443177,0.41493500646443177,moderate,positive,False,True,False
victims_age_80_plus,diversity_index,0.41400593023259147,0.41400593023259147,moderate,positive,False,False,False
victims_age_50_59,hispanic_pop,0.41215953831436464,0.41215953831436464,moderate,positive,False,True,False
%_fem_age_30-39,avg_years_schooling,0.41129195645104466,0.41129195645104466,moderate,positive,False,False,False
hispanic_victims,white_adj_rate,0.4102224530581001,0.4102224530581001,moderate,positive,False,False,False
%_fem_age_30-39,%_fem_age_40-49,0.40863145766667813,0.40863145766667813,moderate,positive,False,False,False
fem_labor_force_part,labor_force_ratio,0.40795180992566404,0.40795180992566404,moderate,positive,False,False,False
victim_offender_rel_spouse,white_adj_rate,0.4078490777192025,0.4078490777192025,moderate,positive,False,False,False
dv_total,hispanic_pop,0.40752098086093497,0.40752098086093497,moderate,positive,False,True,False
victims_age_30_39,hispanic_pop,0.40733902006922845,0.40733902006922845,moderate,positive,False,True,False
white_victims,labor_force_ratio,-0.4050811015575455,0.4050811015575455,moderate,negative,False,False,False
male_poverty_rate,unemployment_rate,0.4039822557648046,0.4039822557648046,moderate,positive,False,False,False
total_incidents,hispanic_pop,0.4039187679656179,0.4039187679656179,moderate,positive,False,True,False
firearm_nonmarried,%_at_least_high_school,-0.4037468849694879,0.4037468849694879,moderate,negative,False,False,False
victims_age_60_69,diversity_index,0.40311104633810013,0.40311104633810013,moderate,positive,False,False,False
victim_offender_rel_spouse,labor_force_ratio,-0.40207301716299654,0.40207301716299654,moderate,negative,False,False,False
sex_assaults,fem_age_70-79,-0.40177879074095496,0.40177879074095496,moderate,negative,False,False,False
other_race_victims,victims_age_60_69,0.40163311394676715,0.40163311394676715,moderate,positive,False,False,False
victims_age_70_79,white_pop,-0.40046719373154305,0.40046719373154305,moderate,negative,False,True,False
other_race_victims,fem_pop,0.4002169692998671,0.4002169692998671,moderate,positive,False,True,False
white_victims,%_fem_age_40-49,0.4000037119607714,0.4000037119607714,moderate,positive,False,False,False
