variable,variable_type,states_with_valid_percent_change,mean_absolute_change,median_absolute_change,mean_percent_change,median_percent_change,states_increased,states_decreased,states_no_change,top_5_largest_decreases,top_5_largest_increases
%_at_least_bach_degree,percentage,51,0.01361991682352941,0.014165329000000004,0.04010314490601236,0.04194159829236579,48,3,0,"[{'state': 'Alaska', 'pre_2022': 0.327906311, 'post_2022_avg': 0.32494891049999997, 'absolute_change': -0.0029574005000000403, 'percent_change': -0.009019041112630615}, {'state': 'Missouri', 'pre_2022': 0.317189281, 'post_2022_avg': 0.31509374749999997, 'absolute_change': -0.002095533500000024, 'percent_change': -0.006606570983084464}, {'state': 'Vermont', 'pre_2022': 0.444388974, 'post_2022_avg': 0.4438410505, 'absolute_change': -0.0005479234999999916, 'percent_change': -0.0012329817616041742}, {'state': 'West Virginia', 'pre_2022': 0.241171641, 'post_2022_avg': 0.2418369655, 'absolute_change': 0.0006653245000000085, 'percent_change': 0.002758717804636112}, {'state': 'Connecticut', 'pre_2022': 0.421275691, 'post_2022_avg': 0.4273479915, 'absolute_change': 0.006072300500000016, 'percent_change': 0.014414077597465779}]","[{'state': 'Wyoming', 'pre_2022': 0.292446149, 'post_2022_avg': 0.313546415, 'absolute_change': 0.021100266000000034, 'percent_change': 0.07215094495910095}, {'state': 'Alabama', 'pre_2022': 0.274328873, 'post_2022_avg': 0.293716255, 'absolute_change': 0.01938738200000001, 'percent_change': 0.0706720433324567}, {'state': 'Rhode Island', 'pre_2022': 0.365015049, 'post_2022_avg': 0.3902486365, 'absolute_change': 0.025233587500000043, 'percent_change': 0.06913026618801145}, {'state': 'Florida', 'pre_2022': 0.331608016, 'post_2022_avg': 0.353762931, 'absolute_change': 0.022154914999999997, 'percent_change': 0.06681055321654226}, {'state': 'South Dakota', 'pre_2022': 0.31665529, 'post_2022_avg': 0.3374082335, 'absolute_change': 0.02075294350000001, 'percent_change': 0.0655379655902796}]"
%_at_least_high_school,percentage,51,0.004660834647058811,0.00419366149999989,0.00520569980602508,0.0045597771741083025,44,7,0,"[{'state': 'New Jersey', 'pre_2022': 0.909809316, 'post_2022_avg': 0.90515387, 'absolute_change': -0.0046554460000000075, 'percent_change': -0.005116946944957428}, {'state': 'District of Columbia', 'pre_2022': 0.927855314, 'post_2022_avg': 0.9235026319999999, 'absolute_change': -0.004352682000000052, 'percent_change': -0.004691121486641668}, {'state': 'Missouri', 'pre_2022': 0.915917726, 'post_2022_avg': 0.9124174775, 'absolute_change': -0.0035002484999999695, 'percent_change': -0.0038215752361145695}, {'state': 'Iowa', 'pre_2022': 0.933248209, 'post_2022_avg': 0.931353951, 'absolute_change': -0.001894258000000093, 'percent_change': -0.002029747265231658}, {'state': 'Indiana', 'pre_2022': 0.906410409, 'post_2022_avg': 0.9051106115, 'absolute_change': -0.0012997974999999773, 'percent_change': -0.0014340054870221346}]","[{'state': 'Mississippi', 'pre_2022': 0.864854456, 'post_2022_avg': 0.8787939835, 'absolute_change': 0.013939527500000048, 'percent_change': 0.016117772653298383}, {'state': 'Alabama', 'pre_2022': 0.879327181, 'post_2022_avg': 0.893462457, 'absolute_change': 0.014135276000000085, 'percent_change': 0.016075104131234728}, {'state': 'Louisiana', 'pre_2022': 0.866771826, 'post_2022_avg': 0.8802077660000001, 'absolute_change': 0.013435940000000035, 'percent_change': 0.01550112682135106}, {'state': 'Kentucky', 'pre_2022': 0.87987785, 'post_2022_avg': 0.892611328, 'absolute_change': 0.01273347800000002, 'percent_change': 0.014471870157886145}, {'state': 'Oklahoma', 'pre_2022': 0.887111163, 'post_2022_avg': 0.8995077659999999, 'absolute_change': 0.012396602999999895, 'percent_change': 0.013974125810882051}]"
%_fem_age_18-29,percentage,51,-0.0017956321568627425,-0.0017035360000000055,-0.009449575496600643,-0.008134253906344752,13,38,0,"[{'state': 'Vermont', 'pre_2022': 0.19127173, 'post_2022_avg': 0.1777939135, 'absolute_change': -0.01347781649999999, 'percent_change': -0.07046423692617822}, {'state': 'New Hampshire', 'pre_2022': 0.184228278, 'post_2022_avg': 0.17380266049999998, 'absolute_change': -0.010425617500000012, 'percent_change': -0.056590755844767825}, {'state': 'Hawaii', 'pre_2022': 0.187043807, 'post_2022_avg': 0.1787071535, 'absolute_change': -0.008336653500000013, 'percent_change': -0.04457059356153937}, {'state': 'Nevada', 'pre_2022': 0.195070587, 'post_2022_avg': 0.18994943749999998, 'absolute_change': -0.005121149500000005, 'percent_change': -0.026252802017763987}, {'state': 'Rhode Island', 'pre_2022': 0.201156453, 'post_2022_avg': 0.1959122935, 'absolute_change': -0.005244159500000012, 'percent_change': -0.026070053541856854}]","[{'state': 'District of Columbia', 'pre_2022': 0.24805887, 'post_2022_avg': 0.2565210885, 'absolute_change': 0.008462218500000007, 'percent_change': 0.034113750901147}, {'state': 'Idaho', 'pre_2022': 0.205696872, 'post_2022_avg': 0.212532639, 'absolute_change': 0.006835766999999993, 'percent_change': 0.033232236025446185}, {'state': 'Alabama', 'pre_2022': 0.189434215, 'post_2022_avg': 0.19373901300000002, 'absolute_change': 0.004304798000000026, 'percent_change': 0.022724500956704294}, {'state': 'Kansas', 'pre_2022': 0.213194945, 'post_2022_avg': 0.216015837, 'absolute_change': 0.0028208919999999915, 'percent_change': 0.013231514471414843}, {'state': 'Missouri', 'pre_2022': 0.198041377, 'post_2022_avg': 0.2002192815, 'absolute_change': 0.002177904500000022, 'percent_change': 0.010997219535592413}]"
%_fem_age_30-39,percentage,51,-0.0004258150098039261,9.113000000005034e-06,-0.001901941985166822,5.674528839601963e-05,27,24,0,"[{'state': 'Mississippi', 'pre_2022': 0.167288316, 'post_2022_avg': 0.15758740799999998, 'absolute_change': -0.009700908000000008, 'percent_change': -0.057989154484644395}, {'state': 'Hawaii', 'pre_2022': 0.176746981, 'post_2022_avg': 0.16837412149999997, 'absolute_change': -0.008372859500000024, 'percent_change': -0.04737200857761765}, {'state': 'Kansas', 'pre_2022': 0.176373246, 'post_2022_avg': 0.1689343355, 'absolute_change': -0.007438910500000007, 'percent_change': -0.04217709130329215}, {'state': 'Wyoming', 'pre_2022': 0.181848923, 'post_2022_avg': 0.17465847899999998, 'absolute_change': -0.007190444000000018, 'percent_change': -0.03954075658726897}, {'state': 'South Dakota', 'pre_2022': 0.175165648, 'post_2022_avg': 0.1688284665, 'absolute_change': -0.006337181500000011, 'percent_change': -0.036178220857550854}]","[{'state': 'New Hampshire', 'pre_2022': 0.155218494, 'post_2022_avg': 0.16313742650000002, 'absolute_change': 0.007918932500000003, 'percent_change': 0.05101797019110366}, {'state': 'Michigan', 'pre_2022': 0.160168937, 'post_2022_avg': 0.16497684699999998, 'absolute_change': 0.004807909999999971, 'percent_change': 0.030017743078359634}, {'state': 'Washington', 'pre_2022': 0.192468278, 'post_2022_avg': 0.1979246085, 'absolute_change': 0.005456330499999995, 'percent_change': 0.028349245687125622}, {'state': 'Alabama', 'pre_2022': 0.159842699, 'post_2022_avg': 0.16394438849999998, 'absolute_change': 0.0041016894999999776, 'percent_change': 0.025660787296891037}, {'state': 'West Virginia', 'pre_2022': 0.146808693, 'post_2022_avg': 0.150519131, 'absolute_change': 0.0037104380000000103, 'percent_change': 0.025273966576352603}]"
%_fem_age_40-49,percentage,51,0.0027926321568627426,0.0015891480000000124,0.018357228543866504,0.010584960894290299,39,12,0,"[{'state': 'West Virginia', 'pre_2022': 0.156442413, 'post_2022_avg': 0.1525058705, 'absolute_change': -0.003936542500000001, 'percent_change': -0.025162885335960658}, {'state': 'Idaho', 'pre_2022': 0.165461643, 'post_2022_avg': 0.16303722199999998, 'absolute_change': -0.00242442100000001, 'percent_change': -0.014652465405532146}, {'state': 'Indiana', 'pre_2022': 0.159812974, 'post_2022_avg': 0.158283793, 'absolute_change': -0.0015291809999999906, 'percent_change': -0.009568566066482128}, {'state': 'Michigan', 'pre_2022': 0.149624416, 'post_2022_avg': 0.14837430000000001, 'absolute_change': -0.0012501159999999956, 'percent_change': -0.008355026762477024}, {'state': 'Georgia', 'pre_2022': 0.169584206, 'post_2022_avg': 0.16830239, 'absolute_change': -0.0012818159999999912, 'percent_change': -0.007558581251369548}]","[{'state': 'Montana', 'pre_2022': 0.1449666, 'post_2022_avg': 0.1580750565, 'absolute_change': 0.013108456500000004, 'percent_change': 0.0904239769712472}, {'state': 'South Dakota', 'pre_2022': 0.144369966, 'post_2022_avg': 0.1546613855, 'absolute_change': 0.01029141950000001, 'percent_change': 0.07128504484097482}, {'state': 'District of Columbia', 'pre_2022': 0.147319836, 'post_2022_avg': 0.1560709965, 'absolute_change': 0.008751160499999994, 'percent_change': 0.059402458878653606}, {'state': 'Kansas', 'pre_2022': 0.150567703, 'post_2022_avg': 0.159327493, 'absolute_change': 0.00875978999999999, 'percent_change': 0.0581784129362722}, {'state': 'Vermont', 'pre_2022': 0.138384204, 'post_2022_avg': 0.1461466945, 'absolute_change': 0.007762490499999997, 'percent_change': 0.05609376125038083}]"
age_coef_variation,numeric,51,-0.002748435725490194,-0.0015011215000000355,-0.004119538522110529,-0.0031680571268137407,25,26,0,"[{'state': 'Louisiana', 'pre_2022': 0.477213375, 'post_2022_avg': 0.4268237585, 'absolute_change': -0.05038961650000001, 'percent_change': -0.10559137513696051}, {'state': 'Kansas', 'pre_2022': 0.52340335, 'post_2022_avg': 0.483195632, 'absolute_change': -0.04020771800000006, 'percent_change': -0.07681975669433537}, {'state': 'Alabama', 'pre_2022': 0.527954329, 'post_2022_avg': 0.488457517, 'absolute_change': -0.03949681200000005, 'percent_change': -0.07481103919502106}, {'state': 'New Mexico', 'pre_2022': 0.48806183, 'post_2022_avg': 0.45204240949999996, 'absolute_change': -0.03601942050000001, 'percent_change': -0.07380093727059134}, {'state': 'Nebraska', 'pre_2022': 0.526452066, 'post_2022_avg': 0.489103242, 'absolute_change': -0.03734882400000006, 'percent_change': -0.07094439629381197}]","[{'state': 'Hawaii', 'pre_2022': 0.485054101, 'post_2022_avg': 0.528992545, 'absolute_change': 0.04393844400000002, 'percent_change': 0.0905846253220319}, {'state': 'Idaho', 'pre_2022': 0.423724178, 'post_2022_avg': 0.453213059, 'absolute_change': 0.029488880999999967, 'percent_change': 0.06959452051848683}, {'state': 'Nevada', 'pre_2022': 0.390081517, 'post_2022_avg': 0.416452123, 'absolute_change': 0.02637060600000002, 'percent_change': 0.06760280826122818}, {'state': 'Arizona', 'pre_2022': 0.445166175, 'post_2022_avg': 0.4749499465, 'absolute_change': 0.0297837715, 'percent_change': 0.06690483952425182}, {'state': 'Oklahoma', 'pre_2022': 0.457719123, 'post_2022_avg': 0.487015237, 'absolute_change': 0.029296113999999984, 'percent_change': 0.06400456639868198}]"
all_labor_force_part,numeric,51,0.00811301339215685,0.00837971999999998,0.013136762269670003,0.012915230104986866,46,5,0,"[{'state': 'Wyoming', 'pre_2022': 0.652705027, 'post_2022_avg': 0.6422085289999999, 'absolute_change': -0.010496498000000076, 'percent_change': -0.01608153387180834}, {'state': 'New Hampshire', 'pre_2022': 0.66657419, 'post_2022_avg': 0.6642550615, 'absolute_change': -0.002319128499999934, 'percent_change': -0.0034791753638104923}, {'state': 'Idaho', 'pre_2022': 0.631253822, 'post_2022_avg': 0.62941118, 'absolute_change': -0.001842642000000061, 'percent_change': -0.002919019158033804}, {'state': 'Minnesota', 'pre_2022': 0.683807387, 'post_2022_avg': 0.6825798555, 'absolute_change': -0.0012275314999999898, 'percent_change': -0.0017951422042768745}, {'state': 'Rhode Island', 'pre_2022': 0.651477984, 'post_2022_avg': 0.650747462, 'absolute_change': -0.0007305220000000112, 'percent_change': -0.0011213302950234634}]","[{'state': 'Delaware', 'pre_2022': 0.60056253, 'post_2022_avg': 0.6241774154999999, 'absolute_change': 0.023614885499999905, 'percent_change': 0.039321276836901405}, {'state': 'West Virginia', 'pre_2022': 0.526301462, 'post_2022_avg': 0.5462487014999999, 'absolute_change': 0.01994723949999988, 'percent_change': 0.037900786792798}, {'state': 'New Mexico', 'pre_2022': 0.569285482, 'post_2022_avg': 0.586807564, 'absolute_change': 0.01752208200000005, 'percent_change': 0.030779077552517055}, {'state': 'Tennessee', 'pre_2022': 0.612426532, 'post_2022_avg': 0.6297446055, 'absolute_change': 0.01731807350000003, 'percent_change': 0.02827779757262383}, {'state': 'Mississippi', 'pre_2022': 0.566491133, 'post_2022_avg': 0.582424109, 'absolute_change': 0.015932975999999988, 'percent_change': 0.02812572884525624}]"
asian_adj_rate,rate,51,68.7895886782549,69.28220655000001,1.9193087721635849,0.18648457271619256,35,16,0,"[{'state': 'Mississippi', 'pre_2022': 697.1206116, 'post_2022_avg': 269.20131685, 'absolute_change': -427.91929474999995, 'percent_change': -0.6138382478289643}, {'state': 'North Dakota', 'pre_2022': 1766.727566, 'post_2022_avg': 1094.76218205, 'absolute_change': -671.9653839499999, 'percent_change': -0.3803446535174512}, {'state': 'Nevada', 'pre_2022': 1470.758495, 'post_2022_avg': 1030.6983736500001, 'absolute_change': -440.0601213499999, 'percent_change': -0.29920624143666763}, {'state': 'Connecticut', 'pre_2022': 147.8448861, 'post_2022_avg': 117.68632015, 'absolute_change': -30.158565949999996, 'percent_change': -0.2039878872076861}, {'state': 'Utah', 'pre_2022': 1274.579561, 'post_2022_avg': 1081.43390215, 'absolute_change': -193.14565885000002, 'percent_change': -0.15153676142308703}]","[{'state': 'Florida', 'pre_2022': 3.204019429, 'post_2022_avg': 156.63989995, 'absolute_change': 153.435880521, 'percent_change': 47.88856120291648}, {'state': 'New York', 'pre_2022': 20.93425485, 'post_2022_avg': 580.9340589, 'absolute_change': 559.99980405, 'percent_change': 26.75040540313285}, {'state': 'California', 'pre_2022': 30.40210125, 'post_2022_avg': 322.3850394, 'absolute_change': 291.98293815, 'percent_change': 9.604038081084937}, {'state': 'New Jersey', 'pre_2022': 56.88007001, 'post_2022_avg': 155.36852820000001, 'absolute_change': 98.48845819000002, 'percent_change': 1.7315108468165548}, {'state': 'Vermont', 'pre_2022': 170.8558121, 'post_2022_avg': 460.5202415, 'absolute_change': 289.6644294, 'percent_change': 1.6953735775196377}]"
asian_pop,population,51,0.0018618229509803925,0.002328318999999999,0.058926845069631015,0.0691734029010969,44,7,0,"[{'state': 'Arkansas', 'pre_2022': 0.038174933, 'post_2022_avg': 0.016415058, 'absolute_change': -0.021759875, 'percent_change': -0.570004274794667}, {'state': 'Montana', 'pre_2022': 0.008930779, 'post_2022_avg': 0.0078210815, 'absolute_change': -0.0011096974999999995, 'percent_change': -0.12425539810133018}, {'state': 'West Virginia', 'pre_2022': 0.007850994, 'post_2022_avg': 0.0069434019999999996, 'absolute_change': -0.0009075920000000005, 'percent_change': -0.11560217725296956}, {'state': 'Alaska', 'pre_2022': 0.063617739, 'post_2022_avg': 0.058853323, 'absolute_change': -0.004764416000000007, 'percent_change': -0.0748913129402478}, {'state': 'Kansas', 'pre_2022': 0.028578516, 'post_2022_avg': 0.0279977945, 'absolute_change': -0.0005807215000000025, 'percent_change': -0.02032021186824405}]","[{'state': 'Mississippi', 'pre_2022': 0.008289929, 'post_2022_avg': 0.0108193215, 'absolute_change': 0.0025293925, 'percent_change': 0.3051163043736563}, {'state': 'North Dakota', 'pre_2022': 0.014132561, 'post_2022_avg': 0.016944701, 'absolute_change': 0.0028121399999999994, 'percent_change': 0.1989830434837677}, {'state': 'New Mexico', 'pre_2022': 0.014981022, 'post_2022_avg': 0.017959082, 'absolute_change': 0.002978060000000001, 'percent_change': 0.1987888409749349}, {'state': 'Kentucky', 'pre_2022': 0.013979927, 'post_2022_avg': 0.0163656005, 'absolute_change': 0.002385673500000001, 'percent_change': 0.17064992542521867}, {'state': 'Nebraska', 'pre_2022': 0.022527973, 'post_2022_avg': 0.0258684145, 'absolute_change': 0.0033404414999999993, 'percent_change': 0.14827971873013163}]"
asian_victims,count,51,303.65686274509807,35.5,2.194303070483207,0.211484593837535,41,10,0,"[{'state': 'Mississippi', 'pre_2022': 68.0, 'post_2022_avg': 34.0, 'absolute_change': -34.0, 'percent_change': -0.5}, {'state': 'Arkansas', 'pre_2022': 128.0, 'post_2022_avg': 86.0, 'absolute_change': -42.0, 'percent_change': -0.328125}, {'state': 'North Dakota', 'pre_2022': 71.0, 'post_2022_avg': 54.0, 'absolute_change': -17.0, 'percent_change': -0.23943661971830985}, {'state': 'Nevada', 'pre_2022': 1503.0, 'post_2022_avg': 1192.0, 'absolute_change': -311.0, 'percent_change': -0.20691949434464404}, {'state': 'Montana', 'pre_2022': 47.0, 'post_2022_avg': 37.5, 'absolute_change': -9.5, 'percent_change': -0.20212765957446807}]","[{'state': 'Florida', 'pre_2022': 8.0, 'post_2022_avg': 446.5, 'absolute_change': 438.5, 'percent_change': 54.8125}, {'state': 'New York', 'pre_2022': 147.0, 'post_2022_avg': 4370.0, 'absolute_change': 4223.0, 'percent_change': 28.727891156462587}, {'state': 'California', 'pre_2022': 698.0, 'post_2022_avg': 7855.5, 'absolute_change': 7157.5, 'percent_change': 10.254297994269342}, {'state': 'New Jersey', 'pre_2022': 210.0, 'post_2022_avg': 610.5, 'absolute_change': 400.5, 'percent_change': 1.9071428571428573}, {'state': 'Vermont', 'pre_2022': 8.0, 'post_2022_avg': 23.0, 'absolute_change': 15.0, 'percent_change': 1.875}]"
avg_years_schooling,count,51,0.0735601387254902,0.07860325500000087,0.00539178383027312,0.00569084333396953,47,4,0,"[{'state': 'West Virginia', 'pre_2022': 13.13140736, 'post_2022_avg': 13.117262440000001, 'absolute_change': -0.014144919999999672, 'percent_change': -0.0010771823318105997}, {'state': 'Missouri', 'pre_2022': 13.58330246, 'post_2022_avg': 13.576295465000001, 'absolute_change': -0.00700699499999935, 'percent_change': -0.0005158535651130122}, {'state': 'New Jersey', 'pre_2022': 13.94634954, 'post_2022_avg': 13.940547715000001, 'absolute_change': -0.005801824999998928, 'percent_change': -0.00041601029598164856}, {'state': 'Montana', 'pre_2022': 13.88888411, 'post_2022_avg': 13.888181535000001, 'absolute_change': -0.0007025749999982622, 'percent_change': -5.0585417405305304e-05}, {'state': 'Vermont', 'pre_2022': 14.33344572, 'post_2022_avg': 14.339900725, 'absolute_change': 0.006455004999999403, 'percent_change': 0.00045034565491760924}]","[{'state': 'Mississippi', 'pre_2022': 13.07450282, 'post_2022_avg': 13.221408454999999, 'absolute_change': 0.14690563499999953, 'percent_change': 0.011236039872604468}, {'state': 'Colorado', 'pre_2022': 14.15364764, 'post_2022_avg': 14.30983627, 'absolute_change': 0.15618862999999905, 'percent_change': 0.011035221023772713}, {'state': 'Alabama', 'pre_2022': 13.24817426, 'post_2022_avg': 13.38964312, 'absolute_change': 0.1414688599999998, 'percent_change': 0.010678366484590595}, {'state': 'North Dakota', 'pre_2022': 13.6831426, 'post_2022_avg': 13.82222546, 'absolute_change': 0.13908286000000025, 'percent_change': 0.010164540710114375}, {'state': 'Texas', 'pre_2022': 13.15444651, 'post_2022_avg': 13.286609474999999, 'absolute_change': 0.13216296499999913, 'percent_change': 0.010047018314265747}]"
black_adj_rate,rate,51,472.83662026515697,69.74511949999987,10.420923517261212,0.02488710017305562,30,21,0,"[{'state': 'North Dakota', 'pre_2022': 13062.12318, 'post_2022_avg': 8743.0621015, 'absolute_change': -4319.061078500001, 'percent_change': -0.3306553627600992}, {'state': 'Nevada', 'pre_2022': 11347.84955, 'post_2022_avg': 9150.1824625, 'absolute_change': -2197.6670875, 'percent_change': -0.19366374904926367}, {'state': 'Mississippi', 'pre_2022': 1684.035303, 'post_2022_avg': 1377.0817185, 'absolute_change': -306.95358450000003, 'percent_change': -0.18227265423306865}, {'state': 'Texas', 'pre_2022': 5498.947888, 'post_2022_avg': 4813.2842545, 'absolute_change': -685.6636334999994, 'percent_change': -0.12468996751110863}, {'state': 'Iowa', 'pre_2022': 7298.824657, 'post_2022_avg': 6415.9036335, 'absolute_change': -882.9210235, 'percent_change': -0.12096756190097362}]","[{'state': 'Florida', 'pre_2022': 3.729967027, 'post_2022_avg': 1888.8059495, 'absolute_change': 1885.075982473, 'percent_change': 505.3867685230345}, {'state': 'California', 'pre_2022': 269.9817681, 'post_2022_avg': 2908.788839, 'absolute_change': 2638.8070709, 'percent_change': 9.774019517949812}, {'state': 'New York', 'pre_2022': 506.3180807, 'post_2022_avg': 3028.6819910000004, 'absolute_change': 2522.3639103000005, 'percent_change': 4.981777278845654}, {'state': 'Nebraska', 'pre_2022': 2521.673849, 'post_2022_avg': 7404.3262285, 'absolute_change': 4882.6523795, 'percent_change': 1.936274344692227}, {'state': 'Maryland', 'pre_2022': 1395.728422, 'post_2022_avg': 3756.304607, 'absolute_change': 2360.576185, 'percent_change': 1.6912861755852386}]"
black_pop,population,51,-0.0007776175196078415,-0.000186684999999992,0.003968812619157216,-0.0018388414112187302,24,27,0,"[{'state': 'Wyoming', 'pre_2022': 0.009834089, 'post_2022_avg': 0.0069306715, 'absolute_change': -0.0029034175000000008, 'percent_change': -0.295240108158468}, {'state': 'Montana', 'pre_2022': 0.005072125, 'post_2022_avg': 0.0036098835, 'absolute_change': -0.0014622415000000001, 'percent_change': -0.28828972077778053}, {'state': 'Hawaii', 'pre_2022': 0.01813669, 'post_2022_avg': 0.0159712165, 'absolute_change': -0.002165473500000001, 'percent_change': -0.1193973927987963}, {'state': 'Alaska', 'pre_2022': 0.028778186, 'post_2022_avg': 0.025850068, 'absolute_change': -0.0029281180000000004, 'percent_change': -0.10174783080490203}, {'state': 'District of Columbia', 'pre_2022': 0.426751735, 'post_2022_avg': 0.4043278765, 'absolute_change': -0.022423858500000005, 'percent_change': -0.05254544190663924}]","[{'state': 'Maine', 'pre_2022': 0.014918597, 'post_2022_avg': 0.018629978999999998, 'absolute_change': 0.0037113819999999974, 'percent_change': 0.24877553834318317}, {'state': 'Iowa', 'pre_2022': 0.03514163, 'post_2022_avg': 0.039975112, 'absolute_change': 0.004833482, 'percent_change': 0.1375429085105045}, {'state': 'New Mexico', 'pre_2022': 0.016609661, 'post_2022_avg': 0.018744674500000003, 'absolute_change': 0.0021350135000000013, 'percent_change': 0.12854046208408476}, {'state': 'North Dakota', 'pre_2022': 0.028834193, 'post_2022_avg': 0.032378545, 'absolute_change': 0.0035443520000000006, 'percent_change': 0.12292183797202164}, {'state': 'West Virginia', 'pre_2022': 0.028214334, 'post_2022_avg': 0.031482321, 'absolute_change': 0.003267987, 'percent_change': 0.1158271891160004}]"
black_victims,count,51,2652.3627450980393,91.5,10.83710124731559,0.06404657933042213,37,14,0,"[{'state': 'Wyoming', 'pre_2022': 93.0, 'post_2022_avg': 70.5, 'absolute_change': -22.5, 'percent_change': -0.24193548387096775}, {'state': 'North Dakota', 'pre_2022': 1071.0, 'post_2022_avg': 825.5, 'absolute_change': -245.5, 'percent_change': -0.2292250233426704}, {'state': 'Hawaii', 'pre_2022': 265.0, 'post_2022_avg': 213.5, 'absolute_change': -51.5, 'percent_change': -0.19433962264150945}, {'state': 'Mississippi', 'pre_2022': 7141.0, 'post_2022_avg': 5838.5, 'absolute_change': -1302.5, 'percent_change': -0.1823974233300658}, {'state': 'Nevada', 'pre_2022': 12097.0, 'post_2022_avg': 10487.5, 'absolute_change': -1609.5, 'percent_change': -0.13304951640902704}]","[{'state': 'Florida', 'pre_2022': 49.0, 'post_2022_avg': 25817.0, 'absolute_change': 25768.0, 'percent_change': 525.8775510204082}, {'state': 'California', 'pre_2022': 2186.0, 'post_2022_avg': 23119.0, 'absolute_change': 20933.0, 'percent_change': 9.57593778591034}, {'state': 'New York', 'pre_2022': 5502.0, 'post_2022_avg': 32761.0, 'absolute_change': 27259.0, 'percent_change': 4.954380225372592}, {'state': 'Nebraska', 'pre_2022': 860.0, 'post_2022_avg': 2487.5, 'absolute_change': 1627.5, 'percent_change': 1.8924418604651163}, {'state': 'Maryland', 'pre_2022': 10122.0, 'post_2022_avg': 27404.0, 'absolute_change': 17282.0, 'percent_change': 1.7073700849634459}]"
diversity_index,index,51,0.014497680852941163,0.014383137999999906,0.03592901012740011,0.029060836952116992,50,1,0,"[{'state': 'Hawaii', 'pre_2022': 0.722780732, 'post_2022_avg': 0.7185337985, 'absolute_change': -0.00424693350000005, 'percent_change': -0.005875825560884002}, {'state': 'California', 'pre_2022': 0.693635487, 'post_2022_avg': 0.6966573199999999, 'absolute_change': 0.0030218329999999183, 'percent_change': 0.004356514418069153}, {'state': 'Alaska', 'pre_2022': 0.621723903, 'post_2022_avg': 0.6260065939999999, 'absolute_change': 0.004282690999999894, 'percent_change': 0.006888412974528814}, {'state': 'Arizona', 'pre_2022': 0.618792615, 'post_2022_avg': 0.6238710205, 'absolute_change': 0.005078405499999938, 'percent_change': 0.008206958804768441}, {'state': 'Missouri', 'pre_2022': 0.39634716, 'post_2022_avg': 0.3998314945, 'absolute_change': 0.003484334500000019, 'percent_change': 0.008791117615173575}]","[{'state': 'Vermont', 'pre_2022': 0.175932421, 'post_2022_avg': 0.198780724, 'absolute_change': 0.022848302999999986, 'percent_change': 0.12986976971117783}, {'state': 'West Virginia', 'pre_2022': 0.180643951, 'post_2022_avg': 0.2016071585, 'absolute_change': 0.020963207499999997, 'percent_change': 0.11604710472702182}, {'state': 'Kentucky', 'pre_2022': 0.307755149, 'post_2022_avg': 0.3345602035, 'absolute_change': 0.02680505449999998, 'percent_change': 0.08709863859986947}, {'state': 'Utah', 'pre_2022': 0.396879227, 'post_2022_avg': 0.42407936150000003, 'absolute_change': 0.02720013450000003, 'percent_change': 0.06853504202173834}, {'state': 'North Dakota', 'pre_2022': 0.316081636, 'post_2022_avg': 0.3375963515, 'absolute_change': 0.021514715500000003, 'percent_change': 0.06806695818291704}]"
dv_total,count,51,3234.470588235294,20.0,10.969538550991865,0.0005972466927464389,26,25,0,"[{'state': 'Mississippi', 'pre_2022': 5533.0, 'post_2022_avg': 4170.5, 'absolute_change': -1362.5, 'percent_change': -0.24624977408277607}, {'state': 'Tennessee', 'pre_2022': 34028.0, 'post_2022_avg': 28944.0, 'absolute_change': -5084.0, 'percent_change': -0.14940637122369813}, {'state': 'Montana', 'pre_2022': 3875.0, 'post_2022_avg': 3350.0, 'absolute_change': -525.0, 'percent_change': -0.13548387096774195}, {'state': 'Arkansas', 'pre_2022': 12142.0, 'post_2022_avg': 10694.5, 'absolute_change': -1447.5, 'percent_change': -0.11921429747982211}, {'state': 'Nevada', 'pre_2022': 20776.0, 'post_2022_avg': 18441.5, 'absolute_change': -2334.5, 'percent_change': -0.11236522911051212}]","[{'state': 'Florida', 'pre_2022': 68.0, 'post_2022_avg': 23400.5, 'absolute_change': 23332.5, 'percent_change': 343.125}, {'state': 'California', 'pre_2022': 308.0, 'post_2022_avg': 63255.5, 'absolute_change': 62947.5, 'percent_change': 204.375}, {'state': 'New York', 'pre_2022': 7926.0, 'post_2022_avg': 44535.5, 'absolute_change': 36609.5, 'percent_change': 4.618912440070654}, {'state': 'Maryland', 'pre_2022': 7167.0, 'post_2022_avg': 18792.5, 'absolute_change': 11625.5, 'percent_change': 1.6220873447746615}, {'state': 'New Jersey', 'pre_2022': 5087.0, 'post_2022_avg': 13315.5, 'absolute_change': 8228.5, 'percent_change': 1.617554550815805}]"
fem_age_50-59,numeric,51,-0.009576760588235296,-0.009263623999999998,-0.05984288103558241,-0.06116999831848311,1,50,0,"[{'state': 'North Dakota', 'pre_2022': 0.143284272, 'post_2022_avg': 0.12559034400000002, 'absolute_change': -0.01769392799999997, 'percent_change': -0.12348827790394169}, {'state': 'Alaska', 'pre_2022': 0.154560343, 'post_2022_avg': 0.137699156, 'absolute_change': -0.016861187, 'percent_change': -0.10909128870139737}, {'state': 'Vermont', 'pre_2022': 0.170127002, 'post_2022_avg': 0.152089101, 'absolute_change': -0.018037900999999995, 'percent_change': -0.10602609102580904}, {'state': 'New Hampshire', 'pre_2022': 0.180565387, 'post_2022_avg': 0.16221587999999998, 'absolute_change': -0.018349507000000015, 'percent_change': -0.10162250531437686}, {'state': 'Wisconsin', 'pre_2022': 0.169443378, 'post_2022_avg': 0.1535457295, 'absolute_change': -0.0158976485, 'percent_change': -0.09382277836788641}]","[{'state': 'North Carolina', 'pre_2022': 0.155720743, 'post_2022_avg': 0.1645311445, 'absolute_change': 0.008810401500000009, 'percent_change': 0.05657821386069298}, {'state': 'Utah', 'pre_2022': 0.135367112, 'post_2022_avg': 0.132636996, 'absolute_change': -0.0027301160000000047, 'percent_change': -0.0201682370234803}, {'state': 'Tennessee', 'pre_2022': 0.164296342, 'post_2022_avg': 0.1587322235, 'absolute_change': -0.00556411850000002, 'percent_change': -0.033866356561973975}, {'state': 'Oregon', 'pre_2022': 0.151984363, 'post_2022_avg': 0.1465985535, 'absolute_change': -0.005385809500000005, 'percent_change': -0.03543660277735285}, {'state': 'Nevada', 'pre_2022': 0.161961212, 'post_2022_avg': 0.1560374015, 'absolute_change': -0.005923810499999987, 'percent_change': -0.03657548882753475}]"
fem_age_60-69,numeric,51,-0.0018023967941176483,-0.001474797,-0.011434188851241915,-0.008851065663451826,18,33,0,"[{'state': 'District of Columbia', 'pre_2022': 0.110921687, 'post_2022_avg': 0.10309057699999999, 'absolute_change': -0.007831110000000016, 'percent_change': -0.07060035067804203}, {'state': 'Montana', 'pre_2022': 0.180535558, 'post_2022_avg': 0.16779812, 'absolute_change': -0.012737438000000018, 'percent_change': -0.07055362467708448}, {'state': 'New Mexico', 'pre_2022': 0.169864451, 'post_2022_avg': 0.158927741, 'absolute_change': -0.010936709999999988, 'percent_change': -0.06438492536616734}, {'state': 'Alaska', 'pre_2022': 0.158451674, 'post_2022_avg': 0.1501316855, 'absolute_change': -0.008319988499999986, 'percent_change': -0.052508050498728004}, {'state': 'Wyoming', 'pre_2022': 0.17610562, 'post_2022_avg': 0.1679189335, 'absolute_change': -0.008186686499999984, 'percent_change': -0.04648736650198889}]","[{'state': 'New Hampshire', 'pre_2022': 0.178573453, 'post_2022_avg': 0.189070856, 'absolute_change': 0.010497403000000016, 'percent_change': 0.05878479036858864}, {'state': 'Arkansas', 'pre_2022': 0.154307044, 'post_2022_avg': 0.158617329, 'absolute_change': 0.004310284999999997, 'percent_change': 0.027933170698286443}, {'state': 'California', 'pre_2022': 0.140450044, 'post_2022_avg': 0.14279174449999998, 'absolute_change': 0.002341700499999988, 'percent_change': 0.016672835645391383}, {'state': 'Wisconsin', 'pre_2022': 0.16829429, 'post_2022_avg': 0.1710423225, 'absolute_change': 0.002748032499999997, 'percent_change': 0.016328732840549712}, {'state': 'Massachusetts', 'pre_2022': 0.156872183, 'post_2022_avg': 0.1591049105, 'absolute_change': 0.0022327275000000035, 'percent_change': 0.014232781474074365}]"
fem_age_70-79,numeric,51,0.007484821039215686,0.007402587500000002,0.07511658757186412,0.07472541724593218,50,1,0,"[{'state': 'North Carolina', 'pre_2022': 0.106658401, 'post_2022_avg': 0.1035673045, 'absolute_change': -0.0030910965000000012, 'percent_change': -0.028981275464649063}, {'state': 'Oklahoma', 'pre_2022': 0.099009146, 'post_2022_avg': 0.0995680095, 'absolute_change': 0.0005588634999999925, 'percent_change': 0.00564456439206124}, {'state': 'Arkansas', 'pre_2022': 0.106413614, 'post_2022_avg': 0.1081943175, 'absolute_change': 0.0017807034999999943, 'percent_change': 0.01673379404255544}, {'state': 'District of Columbia', 'pre_2022': 0.081800365, 'post_2022_avg': 0.0834107545, 'absolute_change': 0.0016103895000000035, 'percent_change': 0.01968682535829765}, {'state': 'Florida', 'pre_2022': 0.122390725, 'post_2022_avg': 0.125349038, 'absolute_change': 0.00295831299999999, 'percent_change': 0.02417105544558209}]","[{'state': 'Alaska', 'pre_2022': 0.077781314, 'post_2022_avg': 0.09175596, 'absolute_change': 0.013974645999999993, 'percent_change': 0.1796658513637349}, {'state': 'New Mexico', 'pre_2022': 0.105117064, 'post_2022_avg': 0.12319790450000001, 'absolute_change': 0.018080840500000014, 'percent_change': 0.1720067114888218}, {'state': 'Wyoming', 'pre_2022': 0.102339502, 'post_2022_avg': 0.117417441, 'absolute_change': 0.015077938999999999, 'percent_change': 0.1473325422279268}, {'state': 'Vermont', 'pre_2022': 0.113176184, 'post_2022_avg': 0.12810259699999998, 'absolute_change': 0.014926412999999986, 'percent_change': 0.1318865195172156}, {'state': 'Montana', 'pre_2022': 0.11186293, 'post_2022_avg': 0.125625612, 'absolute_change': 0.013762681999999998, 'percent_change': 0.12303166026493315}]"
fem_age_80+,numeric,51,0.0033231516078431373,0.003400989499999993,0.07026434786303212,0.06982309539359305,49,2,0,"[{'state': 'North Carolina', 'pre_2022': 0.048643764, 'post_2022_avg': 0.0449031815, 'absolute_change': -0.003740582499999999, 'percent_change': -0.07689747240776842}, {'state': 'Alabama', 'pre_2022': 0.057260923, 'post_2022_avg': 0.054447178, 'absolute_change': -0.0028137449999999994, 'percent_change': -0.04913900881409124}, {'state': 'Maryland', 'pre_2022': 0.049506324, 'post_2022_avg': 0.0496913395, 'absolute_change': 0.00018501550000000339, 'percent_change': 0.0037372094118723782}, {'state': 'Louisiana', 'pre_2022': 0.045727774, 'post_2022_avg': 0.045922362, 'absolute_change': 0.00019458800000000248, 'percent_change': 0.004255356930341776}, {'state': 'Kansas', 'pre_2022': 0.050763628, 'post_2022_avg': 0.0515190195, 'absolute_change': 0.0007553915000000008, 'percent_change': 0.014880565668001524}]","[{'state': 'Hawaii', 'pre_2022': 0.056376715, 'post_2022_avg': 0.065807734, 'absolute_change': 0.009431019000000006, 'percent_change': 0.1672857136142112}, {'state': 'Alaska', 'pre_2022': 0.026666585, 'post_2022_avg': 0.030539023, 'absolute_change': 0.003872437999999999, 'percent_change': 0.1452168697266635}, {'state': 'Idaho', 'pre_2022': 0.043248115, 'post_2022_avg': 0.049127411999999995, 'absolute_change': 0.005879296999999999, 'percent_change': 0.13594342782338603}, {'state': 'Nevada', 'pre_2022': 0.039371388, 'post_2022_avg': 0.0446588135, 'absolute_change': 0.005287425499999998, 'percent_change': 0.13429614165495}, {'state': 'Vermont', 'pre_2022': 0.053626307, 'post_2022_avg': 0.06050873, 'absolute_change': 0.006882422999999999, 'percent_change': 0.128340424411474}]"
fem_labor_force_part,numeric,51,0.010323857803921572,0.01101719999999995,0.01773880741251819,0.01860138268256825,46,5,0,"[{'state': 'Rhode Island', 'pre_2022': 0.613852959, 'post_2022_avg': 0.602847043, 'absolute_change': -0.011005916000000004, 'percent_change': -0.017929238327578062}, {'state': 'Nebraska', 'pre_2022': 0.642379116, 'post_2022_avg': 0.640540652, 'absolute_change': -0.0018384639999999841, 'percent_change': -0.0028619610354829535}, {'state': 'Hawaii', 'pre_2022': 0.59775674, 'post_2022_avg': 0.596210702, 'absolute_change': -0.0015460379999999718, 'percent_change': -0.002586399945904369}, {'state': 'Oklahoma', 'pre_2022': 0.56588225, 'post_2022_avg': 0.5657760045, 'absolute_change': -0.00010624550000004618, 'percent_change': -0.00018775195723146675}, {'state': 'Minnesota', 'pre_2022': 0.650068191, 'post_2022_avg': 0.6500043710000001, 'absolute_change': -6.38199999999367e-05, 'percent_change': -9.817431599254593e-05}]","[{'state': 'Delaware', 'pre_2022': 0.570383694, 'post_2022_avg': 0.5955195575, 'absolute_change': 0.025135863499999966, 'percent_change': 0.044068341652137}, {'state': 'West Virginia', 'pre_2022': 0.491887738, 'post_2022_avg': 0.5121593504999999, 'absolute_change': 0.020271612499999925, 'percent_change': 0.04121186794048508}, {'state': 'North Dakota', 'pre_2022': 0.629077816, 'post_2022_avg': 0.6513490749999999, 'absolute_change': 0.022271258999999932, 'percent_change': 0.03540302715109562}, {'state': 'Utah', 'pre_2022': 0.611399996, 'post_2022_avg': 0.632911577, 'absolute_change': 0.021511581000000057, 'percent_change': 0.03518413663843083}, {'state': 'Tennessee', 'pre_2022': 0.563309201, 'post_2022_avg': 0.5827604285000001, 'absolute_change': 0.019451227500000057, 'percent_change': 0.03453028543732247}]"
fem_pop,population,51,65243.74509803917,37286.89999999991,0.0245219306300692,0.01793776423208288,49,2,0,"[{'state': 'West Virginia', 'pre_2022': 719972.4, 'post_2022_avg': 716915.9, 'absolute_change': -3056.5, 'percent_change': -0.004245301625451198}, {'state': 'Louisiana', 'pre_2022': 1831760.0, 'post_2022_avg': 1829308.7000000002, 'absolute_change': -2451.2999999998137, 'percent_change': -0.0013382211643445724}, {'state': 'New York', 'pre_2022': 8128073.4, 'post_2022_avg': 8141985.699999999, 'absolute_change': 13912.299999998882, 'percent_change': 0.0017116356257312934}, {'state': 'Vermont', 'pre_2022': 267146.2, 'post_2022_avg': 268749.8, 'absolute_change': 1603.5999999999767, 'percent_change': 0.006002705634592507}, {'state': 'Illinois', 'pre_2022': 5039617.2, 'post_2022_avg': 5078208.6, 'absolute_change': 38591.39999999944, 'percent_change': 0.00765760542288796}]","[{'state': 'Florida', 'pre_2022': 8980076.2, 'post_2022_avg': 9526456.6, 'absolute_change': 546380.4000000004, 'percent_change': 0.06084362624896217}, {'state': 'Idaho', 'pre_2022': 717568.4, 'post_2022_avg': 758358.0, 'absolute_change': 40789.59999999998, 'percent_change': 0.05684419770993256}, {'state': 'Texas', 'pre_2022': 11160355.4, 'post_2022_avg': 11789285.6, 'absolute_change': 628930.1999999993, 'percent_change': 0.05635395804689152}, {'state': 'Utah', 'pre_2022': 1189517.2, 'post_2022_avg': 1254952.5, 'absolute_change': 65435.30000000005, 'percent_change': 0.055009965387637985}, {'state': 'South Carolina', 'pre_2022': 2116531.2, 'post_2022_avg': 2226061.2, 'absolute_change': 109530.0, 'percent_change': 0.05174976867810878}]"
fem_poverty_rate,rate,51,-0.005362745098039215,-0.006000000000000005,-0.037237898915376606,-0.0372093023255813,9,41,1,"[{'state': 'Delaware', 'pre_2022': 0.13, 'post_2022_avg': 0.109, 'absolute_change': -0.021000000000000005, 'percent_change': -0.16153846153846158}, {'state': 'Nevada', 'pre_2022': 0.15, 'post_2022_avg': 0.1285, 'absolute_change': -0.02149999999999999, 'percent_change': -0.14333333333333328}, {'state': 'District of Columbia', 'pre_2022': 0.183, 'post_2022_avg': 0.16299999999999998, 'absolute_change': -0.020000000000000018, 'percent_change': -0.10928961748633889}, {'state': 'New Mexico', 'pre_2022': 0.198, 'post_2022_avg': 0.1805, 'absolute_change': -0.017500000000000016, 'percent_change': -0.08838383838383845}, {'state': 'Maryland', 'pre_2022': 0.112, 'post_2022_avg': 0.10250000000000001, 'absolute_change': -0.009499999999999995, 'percent_change': -0.08482142857142852}]","[{'state': 'Connecticut', 'pre_2022': 0.108, 'post_2022_avg': 0.1145, 'absolute_change': 0.006500000000000006, 'percent_change': 0.06018518518518524}, {'state': 'Michigan', 'pre_2022': 0.141, 'post_2022_avg': 0.146, 'absolute_change': 0.0050000000000000044, 'percent_change': 0.035460992907801456}, {'state': 'Rhode Island', 'pre_2022': 0.128, 'post_2022_avg': 0.1325, 'absolute_change': 0.004500000000000004, 'percent_change': 0.03515625000000003}, {'state': 'Washington', 'pre_2022': 0.109, 'post_2022_avg': 0.112, 'absolute_change': 0.0030000000000000027, 'percent_change': 0.02752293577981654}, {'state': 'Tennessee', 'pre_2022': 0.149, 'post_2022_avg': 0.152, 'absolute_change': 0.0030000000000000027, 'percent_change': 0.020134228187919483}]"
firearm_nonmarried,count,50,-16.83,-2.0,2.520216412908942,-0.030357142857142857,22,27,1,"[{'state': 'Rhode Island', 'pre_2022': 25.0, 'post_2022_avg': 8.0, 'absolute_change': -17.0, 'percent_change': -0.68}, {'state': 'Kentucky', 'pre_2022': 223.0, 'post_2022_avg': 139.0, 'absolute_change': -84.0, 'percent_change': -0.37668161434977576}, {'state': 'Vermont', 'pre_2022': 21.0, 'post_2022_avg': 13.5, 'absolute_change': -7.5, 'percent_change': -0.35714285714285715}, {'state': 'Arkansas', 'pre_2022': 403.0, 'post_2022_avg': 276.0, 'absolute_change': -127.0, 'percent_change': -0.315136476426799}, {'state': 'Wisconsin', 'pre_2022': 599.0, 'post_2022_avg': 438.0, 'absolute_change': -161.0, 'percent_change': -0.2687813021702838}]","[{'state': 'California', 'pre_2022': 3.0, 'post_2022_avg': 355.0, 'absolute_change': 352.0, 'percent_change': 117.33333333333333}, {'state': 'Maryland', 'pre_2022': 58.0, 'post_2022_avg': 230.5, 'absolute_change': 172.5, 'percent_change': 2.9741379310344827}, {'state': 'New York', 'pre_2022': 61.0, 'post_2022_avg': 215.0, 'absolute_change': 154.0, 'percent_change': 2.5245901639344264}, {'state': 'District of Columbia', 'pre_2022': 12.0, 'post_2022_avg': 31.5, 'absolute_change': 19.5, 'percent_change': 1.625}, {'state': 'New Jersey', 'pre_2022': 40.0, 'post_2022_avg': 77.0, 'absolute_change': 37.0, 'percent_change': 0.925}]"
gun_deaths_per_100k,rate,50,0.40800000000000003,0.5499999999999998,0.034774642751513235,0.040337851305561154,31,18,1,"[{'state': 'Rhode Island', 'pre_2022': 5.1, 'post_2022_avg': 3.95, 'absolute_change': -1.1499999999999995, 'percent_change': -0.2254901960784313}, {'state': 'Wyoming', 'pre_2022': 25.9, 'post_2022_avg': 21.05, 'absolute_change': -4.849999999999998, 'percent_change': -0.1872586872586872}, {'state': 'Delaware', 'pre_2022': 14.3, 'post_2022_avg': 12.05, 'absolute_change': -2.25, 'percent_change': -0.15734265734265734}, {'state': 'West Virginia', 'pre_2022': 18.1, 'post_2022_avg': 16.6, 'absolute_change': -1.5, 'percent_change': -0.08287292817679558}, {'state': 'South Carolina', 'pre_2022': 22.0, 'post_2022_avg': 20.200000000000003, 'absolute_change': -1.7999999999999972, 'percent_change': -0.08181818181818169}]","[{'state': 'Hawaii', 'pre_2022': 3.4, 'post_2022_avg': 4.7, 'absolute_change': 1.3000000000000003, 'percent_change': 0.3823529411764707}, {'state': 'Maine', 'pre_2022': 10.4, 'post_2022_avg': 13.0, 'absolute_change': 2.5999999999999996, 'percent_change': 0.24999999999999994}, {'state': 'Washington', 'pre_2022': 10.9, 'post_2022_avg': 12.8, 'absolute_change': 1.9000000000000004, 'percent_change': 0.17431192660550462}, {'state': 'Arizona', 'pre_2022': 16.7, 'post_2022_avg': 19.5, 'absolute_change': 2.8000000000000007, 'percent_change': 0.16766467065868268}, {'state': 'New Mexico', 'pre_2022': 22.7, 'post_2022_avg': 26.4, 'absolute_change': 3.6999999999999993, 'percent_change': 0.16299559471365635}]"
hispanic_adj_rate,rate,51,275.0952280889706,191.712716,4.5186494513709885,0.21113891033076068,43,8,0,"[{'state': 'Mississippi', 'pre_2022': 646.3451291, 'post_2022_avg': 490.02522835, 'absolute_change': -156.31990075, 'percent_change': -0.24185205970015872}, {'state': 'Louisiana', 'pre_2022': 1047.854784, 'post_2022_avg': 959.90720875, 'absolute_change': -87.94757525000011, 'percent_change': -0.08393107193181465}, {'state': 'Rhode Island', 'pre_2022': 1491.279013, 'post_2022_avg': 1379.9411425, 'absolute_change': -111.33787050000001, 'percent_change': -0.074659315613932}, {'state': 'Massachusetts', 'pre_2022': 2190.209959, 'post_2022_avg': 2063.5659535, 'absolute_change': -126.64400549999982, 'percent_change': -0.05782276944710022}, {'state': 'Idaho', 'pre_2022': 1065.258269, 'post_2022_avg': 1016.8040327, 'absolute_change': -48.454236299999934, 'percent_change': -0.04548590488340996}]","[{'state': 'Florida', 'pre_2022': 2.412635026, 'post_2022_avg': 475.08410119999996, 'absolute_change': 472.671466174, 'percent_change': 195.91503110922673}, {'state': 'New York', 'pre_2022': 125.6731964, 'post_2022_avg': 1490.789589, 'absolute_change': 1365.1163926, 'percent_change': 10.862430746609068}, {'state': 'California', 'pre_2022': 100.5310214, 'post_2022_avg': 881.0999139, 'absolute_change': 780.5688925000001, 'percent_change': 7.764457991471278}, {'state': 'New Jersey', 'pre_2022': 287.7617938, 'post_2022_avg': 891.0391523999999, 'absolute_change': 603.2773585999998, 'percent_change': 2.0964470322258597}, {'state': 'Pennsylvania', 'pre_2022': 326.780688, 'post_2022_avg': 888.99378595, 'absolute_change': 562.21309795, 'percent_change': 1.7204599861482635}]"
hispanic_pop,population,51,0.008607791735294117,0.008376833,0.11879329090838042,0.11082068963032288,47,4,0,"[{'state': 'Hawaii', 'pre_2022': 0.111084365, 'post_2022_avg': 0.101690995, 'absolute_change': -0.009393369999999998, 'percent_change': -0.08456068502529585}, {'state': 'New Mexico', 'pre_2022': 0.500613221, 'post_2022_avg': 0.488540386, 'absolute_change': -0.01207283500000006, 'percent_change': -0.024116093010655943}, {'state': 'Arizona', 'pre_2022': 0.323120106, 'post_2022_avg': 0.3185124375, 'absolute_change': -0.004607668499999995, 'percent_change': -0.014259925069472448}, {'state': 'Texas', 'pre_2022': 0.401564979, 'post_2022_avg': 0.400297942, 'absolute_change': -0.0012670369999999709, 'percent_change': -0.0031552477587941524}, {'state': 'California', 'pre_2022': 0.401515721, 'post_2022_avg': 0.405999734, 'absolute_change': 0.004484013000000009, 'percent_change': 0.011167714650953876}]","[{'state': 'Louisiana', 'pre_2022': 0.055381357, 'post_2022_avg': 0.0746396335, 'absolute_change': 0.019258276499999998, 'percent_change': 0.34773933943149854}, {'state': 'Kentucky', 'pre_2022': 0.039195289, 'post_2022_avg': 0.0517823985, 'absolute_change': 0.012587109499999999, 'percent_change': 0.3211383260881173}, {'state': 'West Virginia', 'pre_2022': 0.017022265, 'post_2022_avg': 0.022270613, 'absolute_change': 0.005248348, 'percent_change': 0.3083225410954417}, {'state': 'Tennessee', 'pre_2022': 0.060269227, 'post_2022_avg': 0.0766535645, 'absolute_change': 0.01638433749999999, 'percent_change': 0.2718524579716277}, {'state': 'Vermont', 'pre_2022': 0.020456341, 'post_2022_avg': 0.0258712365, 'absolute_change': 0.005414895499999999, 'percent_change': 0.26470498805235987}]"
hispanic_victims,count,51,2750.3137254901962,589.5,5.157442995367689,0.39939024390243905,49,2,0,"[{'state': 'Mississippi', 'pre_2022': 242.0, 'post_2022_avg': 226.5, 'absolute_change': -15.5, 'percent_change': -0.0640495867768595}, {'state': 'Hawaii', 'pre_2022': 128.0, 'post_2022_avg': 122.5, 'absolute_change': -5.5, 'percent_change': -0.04296875}, {'state': 'Rhode Island', 'pre_2022': 1161.0, 'post_2022_avg': 1167.0, 'absolute_change': 6.0, 'percent_change': 0.00516795865633075}, {'state': 'Nevada', 'pre_2022': 8570.0, 'post_2022_avg': 8691.5, 'absolute_change': 121.5, 'percent_change': 0.014177362893815637}, {'state': 'Massachusetts', 'pre_2022': 8140.0, 'post_2022_avg': 8336.0, 'absolute_change': 196.0, 'percent_change': 0.02407862407862408}]","[{'state': 'Florida', 'pre_2022': 58.0, 'post_2022_avg': 12732.5, 'absolute_change': 12674.5, 'percent_change': 218.52586206896552}, {'state': 'New York', 'pre_2022': 1990.0, 'post_2022_avg': 24288.5, 'absolute_change': 22298.5, 'percent_change': 11.205276381909547}, {'state': 'California', 'pre_2022': 6192.0, 'post_2022_avg': 55549.0, 'absolute_change': 49357.0, 'percent_change': 7.97109173126615}, {'state': 'New Jersey', 'pre_2022': 2304.0, 'post_2022_avg': 7798.5, 'absolute_change': 5494.5, 'percent_change': 2.384765625}, {'state': 'Pennsylvania', 'pre_2022': 1433.0, 'post_2022_avg': 4324.0, 'absolute_change': 2891.0, 'percent_change': 2.0174459176552686}]"
involving_firearm,count,51,135.64705882352942,-12.5,40.52348797593927,-0.032133676092544985,22,28,1,"[{'state': 'Rhode Island', 'pre_2022': 159.0, 'post_2022_avg': 85.5, 'absolute_change': -73.5, 'percent_change': -0.46226415094339623}, {'state': 'Connecticut', 'pre_2022': 271.0, 'post_2022_avg': 185.0, 'absolute_change': -86.0, 'percent_change': -0.3173431734317343}, {'state': 'Mississippi', 'pre_2022': 728.0, 'post_2022_avg': 532.0, 'absolute_change': -196.0, 'percent_change': -0.2692307692307692}, {'state': 'Kentucky', 'pre_2022': 1742.0, 'post_2022_avg': 1302.0, 'absolute_change': -440.0, 'percent_change': -0.2525832376578645}, {'state': 'Arkansas', 'pre_2022': 3365.0, 'post_2022_avg': 2606.5, 'absolute_change': -758.5, 'percent_change': -0.22540861812778604}]","[{'state': 'Florida', 'pre_2022': 2.0, 'post_2022_avg': 4095.0, 'absolute_change': 4093.0, 'percent_change': 2046.5}, {'state': 'California', 'pre_2022': 521.0, 'post_2022_avg': 5754.5, 'absolute_change': 5233.5, 'percent_change': 10.04510556621881}, {'state': 'Maryland', 'pre_2022': 564.0, 'post_2022_avg': 1970.5, 'absolute_change': 1406.5, 'percent_change': 2.493794326241135}, {'state': 'Nebraska', 'pre_2022': 113.0, 'post_2022_avg': 378.5, 'absolute_change': 265.5, 'percent_change': 2.349557522123894}, {'state': 'New York', 'pre_2022': 596.0, 'post_2022_avg': 1991.5, 'absolute_change': 1395.5, 'percent_change': 2.341442953020134}]"
labor_force_ratio,ratio,51,0.004201531558823524,0.004469858999999965,0.004545211868142628,0.004802903376403346,43,8,0,"[{'state': 'Rhode Island', 'pre_2022': 0.942246668, 'post_2022_avg': 0.926394097, 'absolute_change': -0.015852571000000037, 'percent_change': -0.016824226116552356}, {'state': 'New Mexico', 'pre_2022': 0.93783381, 'post_2022_avg': 0.926321755, 'absolute_change': -0.011512054999999966, 'percent_change': -0.012275154592688405}, {'state': 'Alaska', 'pre_2022': 0.940495885, 'post_2022_avg': 0.933815681, 'absolute_change': -0.006680204000000023, 'percent_change': -0.007102852980584835}, {'state': 'Nebraska', 'pre_2022': 0.935943957, 'post_2022_avg': 0.9301868705, 'absolute_change': -0.005757086499999953, 'percent_change': -0.006151101737387416}, {'state': 'Hawaii', 'pre_2022': 0.942894523, 'post_2022_avg': 0.937949412, 'absolute_change': -0.0049451109999999465, 'percent_change': -0.0052446067713556406}]","[{'state': 'North Dakota', 'pre_2022': 0.923954212, 'post_2022_avg': 0.9449700329999999, 'absolute_change': 0.02101582099999988, 'percent_change': 0.0227455221558099}, {'state': 'Wyoming', 'pre_2022': 0.918841224, 'post_2022_avg': 0.9347521265000001, 'absolute_change': 0.015910902500000046, 'percent_change': 0.01731626975848446}, {'state': 'Utah', 'pre_2022': 0.890570052, 'post_2022_avg': 0.9044067705000001, 'absolute_change': 0.013836718500000122, 'percent_change': 0.015536923197592685}, {'state': 'New Hampshire', 'pre_2022': 0.931301734, 'post_2022_avg': 0.945767163, 'absolute_change': 0.014465428999999919, 'percent_change': 0.015532483696631792}, {'state': 'District of Columbia', 'pre_2022': 0.964025774, 'post_2022_avg': 0.976082601, 'absolute_change': 0.012056826999999992, 'percent_change': 0.0125067475633696}]"
male_poverty_rate,rate,51,-0.00538235294117647,-0.005499999999999991,-0.04503262127191517,-0.040816326530612276,8,41,2,"[{'state': 'Nevada', 'pre_2022': 0.132, 'post_2022_avg': 0.1065, 'absolute_change': -0.02550000000000001, 'percent_change': -0.19318181818181823}, {'state': 'South Dakota', 'pre_2022': 0.113, 'post_2022_avg': 0.0965, 'absolute_change': -0.0165, 'percent_change': -0.14601769911504425}, {'state': 'Hawaii', 'pre_2022': 0.108, 'post_2022_avg': 0.095, 'absolute_change': -0.012999999999999998, 'percent_change': -0.12037037037037035}, {'state': 'Vermont', 'pre_2022': 0.096, 'post_2022_avg': 0.08549999999999999, 'absolute_change': -0.01050000000000001, 'percent_change': -0.1093750000000001}, {'state': 'Montana', 'pre_2022': 0.111, 'post_2022_avg': 0.0995, 'absolute_change': -0.011499999999999996, 'percent_change': -0.10360360360360357}]","[{'state': 'Utah', 'pre_2022': 0.078, 'post_2022_avg': 0.08249999999999999, 'absolute_change': 0.00449999999999999, 'percent_change': 0.057692307692307564}, {'state': 'New Hampshire', 'pre_2022': 0.06, 'post_2022_avg': 0.0625, 'absolute_change': 0.0025000000000000022, 'percent_change': 0.041666666666666706}, {'state': 'District of Columbia', 'pre_2022': 0.145, 'post_2022_avg': 0.15000000000000002, 'absolute_change': 0.005000000000000032, 'percent_change': 0.03448275862068988}, {'state': 'Iowa', 'pre_2022': 0.099, 'post_2022_avg': 0.1015, 'absolute_change': 0.0025000000000000022, 'percent_change': 0.025252525252525273}, {'state': 'Michigan', 'pre_2022': 0.12, 'post_2022_avg': 0.123, 'absolute_change': 0.0030000000000000027, 'percent_change': 0.025000000000000022}]"
mhhi,numeric,51,10591.666666666666,10086.0,0.15181983349234526,0.14898076165227672,51,0,0,"[{'state': 'Alabama', 'pre_2022': 53913.0, 'post_2022_avg': 58062.5, 'absolute_change': 4149.5, 'percent_change': 0.07696659432789865}, {'state': 'Pennsylvania', 'pre_2022': 68957.0, 'post_2022_avg': 75684.5, 'absolute_change': 6727.5, 'percent_change': 0.09756079875864669}, {'state': 'Minnesota', 'pre_2022': 77720.0, 'post_2022_avg': 86101.5, 'absolute_change': 8381.5, 'percent_change': 0.10784225424601132}, {'state': 'New Hampshire', 'pre_2022': 88465.0, 'post_2022_avg': 98310.0, 'absolute_change': 9845.0, 'percent_change': 0.111286949641101}, {'state': 'Michigan', 'pre_2022': 63498.0, 'post_2022_avg': 70786.0, 'absolute_change': 7288.0, 'percent_change': 0.11477526851239409}]","[{'state': 'Washington', 'pre_2022': 84247.0, 'post_2022_avg': 107435.0, 'absolute_change': 23188.0, 'percent_change': 0.2752382874167626}, {'state': 'Maryland', 'pre_2022': 90203.0, 'post_2022_avg': 112390.0, 'absolute_change': 22187.0, 'percent_change': 0.24596742902120772}, {'state': 'District of Columbia', 'pre_2022': 90088.0, 'post_2022_avg': 108958.5, 'absolute_change': 18870.5, 'percent_change': 0.20946740964390373}, {'state': 'New Mexico', 'pre_2022': 53992.0, 'post_2022_avg': 65042.0, 'absolute_change': 11050.0, 'percent_change': 0.20465994962216624}, {'state': 'Florida', 'pre_2022': 63062.0, 'post_2022_avg': 75523.0, 'absolute_change': 12461.0, 'percent_change': 0.1975991881005994}]"
nat_amer_adj_rate,rate,51,507.6531666745098,333.2252699999999,0.5815531078673752,0.1884806000783585,38,13,0,"[{'state': 'West Virginia', 'pre_2022': 666.4226686, 'post_2022_avg': 164.6274462, 'absolute_change': -501.79522239999994, 'percent_change': -0.7529684178573274}, {'state': 'New Hampshire', 'pre_2022': 1404.405647, 'post_2022_avg': 766.32490765, 'absolute_change': -638.08073935, 'percent_change': -0.45434219145517296}, {'state': 'Colorado', 'pre_2022': 6413.057393, 'post_2022_avg': 3912.828308, 'absolute_change': -2500.229085, 'percent_change': -0.3898653842906595}, {'state': 'Michigan', 'pre_2022': 2890.407487, 'post_2022_avg': 2022.5417364999998, 'absolute_change': -867.8657505000001, 'percent_change': -0.3002572316890764}, {'state': 'Arkansas', 'pre_2022': 1422.707145, 'post_2022_avg': 1033.8520383, 'absolute_change': -388.8551067000001, 'percent_change': -0.2733205551589467}]","[{'state': 'California', 'pre_2022': 266.2523261, 'post_2022_avg': 2252.868435, 'absolute_change': 1986.6161088999997, 'percent_change': 7.461403766868348}, {'state': 'New York', 'pre_2022': 505.4891319, 'post_2022_avg': 1946.3909294999999, 'absolute_change': 1440.9017975999998, 'percent_change': 2.850509945058622}, {'state': 'Florida', 'pre_2022': 488.5784289, 'post_2022_avg': 1815.139496, 'absolute_change': 1326.5610671, 'percent_change': 2.715144567652442}, {'state': 'Maryland', 'pre_2022': 1003.387072, 'post_2022_avg': 3410.4130450000002, 'absolute_change': 2407.0259730000002, 'percent_change': 2.398900723528557}, {'state': 'Pennsylvania', 'pre_2022': 243.9713262, 'post_2022_avg': 815.0654347, 'absolute_change': 571.0941085, 'percent_change': 2.340824708358699}]"
nat_amer_pop,population,51,-0.00039243347058823556,-3.5058499999999874e-05,0.022024135781224353,-0.016453997282588964,23,28,0,"[{'state': 'Delaware', 'pre_2022': 0.002141752, 'post_2022_avg': 0.0009406035000000001, 'absolute_change': -0.0012011484999999997, 'percent_change': -0.5608252029179848}, {'state': 'Indiana', 'pre_2022': 0.001366738, 'post_2022_avg': 0.0008178845, 'absolute_change': -0.0005488534999999999, 'percent_change': -0.40157916147791306}, {'state': 'Iowa', 'pre_2022': 0.002677666, 'post_2022_avg': 0.001811547, 'absolute_change': -0.000866119, 'percent_change': -0.3234604315848205}, {'state': 'Rhode Island', 'pre_2022': 0.001972417, 'post_2022_avg': 0.0013486560000000002, 'absolute_change': -0.000623761, 'percent_change': -0.3162419508653596}, {'state': 'Kentucky', 'pre_2022': 0.001619286, 'post_2022_avg': 0.0012511945, 'absolute_change': -0.00036809150000000003, 'percent_change': -0.22731716324355306}]","[{'state': 'District of Columbia', 'pre_2022': 0.000413402, 'post_2022_avg': 0.0010757574999999998, 'absolute_change': 0.0006623554999999998, 'percent_change': 1.6022068108040113}, {'state': 'New Hampshire', 'pre_2022': 0.000499643, 'post_2022_avg': 0.0009329214999999999, 'absolute_change': 0.0004332784999999999, 'percent_change': 0.8671761637809393}, {'state': 'Pennsylvania', 'pre_2022': 0.000546357, 'post_2022_avg': 0.000693732, 'absolute_change': 0.00014737499999999994, 'percent_change': 0.26974121316282196}, {'state': 'Kansas', 'pre_2022': 0.003643449, 'post_2022_avg': 0.004445753, 'absolute_change': 0.0008023040000000002, 'percent_change': 0.2202045369648375}, {'state': 'West Virginia', 'pre_2022': 0.001042088, 'post_2022_avg': 0.001268637, 'absolute_change': 0.00022654899999999993, 'percent_change': 0.21739910640943944}]"
nat_amer_victims,count,51,48.85294117647059,9.0,0.6285065195445163,0.1339541547277937,37,13,1,"[{'state': 'West Virginia', 'pre_2022': 5.0, 'post_2022_avg': 1.5, 'absolute_change': -3.5, 'percent_change': -0.7}, {'state': 'Colorado', 'pre_2022': 477.0, 'post_2022_avg': 320.5, 'absolute_change': -156.5, 'percent_change': -0.3280922431865828}, {'state': 'Michigan', 'pre_2022': 390.0, 'post_2022_avg': 275.0, 'absolute_change': -115.0, 'percent_change': -0.2948717948717949}, {'state': 'Hawaii', 'pre_2022': 9.0, 'post_2022_avg': 7.0, 'absolute_change': -2.0, 'percent_change': -0.2222222222222222}, {'state': 'Montana', 'pre_2022': 1827.0, 'post_2022_avg': 1486.5, 'absolute_change': -340.5, 'percent_change': -0.1863711001642036}]","[{'state': 'California', 'pre_2022': 100.0, 'post_2022_avg': 931.0, 'absolute_change': 831.0, 'percent_change': 8.31}, {'state': 'Florida', 'pre_2022': 41.0, 'post_2022_avg': 180.5, 'absolute_change': 139.5, 'percent_change': 3.402439024390244}, {'state': 'Pennsylvania', 'pre_2022': 7.0, 'post_2022_avg': 30.0, 'absolute_change': 23.0, 'percent_change': 3.2857142857142856}, {'state': 'District of Columbia', 'pre_2022': 3.0, 'post_2022_avg': 12.0, 'absolute_change': 9.0, 'percent_change': 3.0}, {'state': 'New York', 'pre_2022': 74.0, 'post_2022_avg': 289.0, 'absolute_change': 215.0, 'percent_change': 2.9054054054054053}]"
near_school,count,50,282.09,163.0,3.2747457135679485,0.8866120218579234,50,0,0,"[{'state': 'North Dakota', 'pre_2022': 76.0, 'post_2022_avg': 82.0, 'absolute_change': 6.0, 'percent_change': 0.07894736842105263}, {'state': 'Maine', 'pre_2022': 45.0, 'post_2022_avg': 49.0, 'absolute_change': 4.0, 'percent_change': 0.08888888888888889}, {'state': 'South Dakota', 'pre_2022': 46.0, 'post_2022_avg': 54.0, 'absolute_change': 8.0, 'percent_change': 0.17391304347826086}, {'state': 'Vermont', 'pre_2022': 14.0, 'post_2022_avg': 16.5, 'absolute_change': 2.5, 'percent_change': 0.17857142857142858}, {'state': 'Mississippi', 'pre_2022': 81.0, 'post_2022_avg': 102.5, 'absolute_change': 21.5, 'percent_change': 0.2654320987654321}]","[{'state': 'California', 'pre_2022': 20.0, 'post_2022_avg': 2138.0, 'absolute_change': 2118.0, 'percent_change': 105.9}, {'state': 'New Jersey', 'pre_2022': 43.0, 'post_2022_avg': 315.0, 'absolute_change': 272.0, 'percent_change': 6.325581395348837}, {'state': 'Maryland', 'pre_2022': 139.0, 'post_2022_avg': 928.0, 'absolute_change': 789.0, 'percent_change': 5.676258992805756}, {'state': 'New York', 'pre_2022': 91.0, 'post_2022_avg': 427.5, 'absolute_change': 336.5, 'percent_change': 3.697802197802198}, {'state': 'Pennsylvania', 'pre_2022': 99.0, 'post_2022_avg': 382.5, 'absolute_change': 283.5, 'percent_change': 2.8636363636363638}]"
on_tribal_lands,count,27,0.1111111111111111,-0.5,0.055837590907035335,-0.125,8,16,3,"[{'state': 'Alaska', 'pre_2022': 2.0, 'post_2022_avg': 0.0, 'absolute_change': -2.0, 'percent_change': -1.0}, {'state': 'Georgia', 'pre_2022': 1.0, 'post_2022_avg': 0.0, 'absolute_change': -1.0, 'percent_change': -1.0}, {'state': 'Nebraska', 'pre_2022': 2.0, 'post_2022_avg': 0.0, 'absolute_change': -2.0, 'percent_change': -1.0}, {'state': 'Indiana', 'pre_2022': 3.0, 'post_2022_avg': 0.0, 'absolute_change': -3.0, 'percent_change': -1.0}, {'state': 'Tennessee', 'pre_2022': 3.0, 'post_2022_avg': 0.0, 'absolute_change': -3.0, 'percent_change': -1.0}]","[{'state': 'California', 'pre_2022': 6.0, 'post_2022_avg': 21.0, 'absolute_change': 15.0, 'percent_change': 2.5}, {'state': 'Wisconsin', 'pre_2022': 3.0, 'post_2022_avg': 9.5, 'absolute_change': 6.5, 'percent_change': 2.1666666666666665}, {'state': 'Missouri', 'pre_2022': 2.0, 'post_2022_avg': 5.5, 'absolute_change': 3.5, 'percent_change': 1.75}, {'state': 'New Mexico', 'pre_2022': 4.0, 'post_2022_avg': 10.0, 'absolute_change': 6.0, 'percent_change': 1.5}, {'state': 'South Dakota', 'pre_2022': 13.0, 'post_2022_avg': 27.5, 'absolute_change': 14.5, 'percent_change': 1.1153846153846154}]"
other_race_pop,population,51,0.002416907401960785,0.0024894565000000007,0.04255511564048497,0.05095445846509678,41,10,0,"[{'state': 'Delaware', 'pre_2022': 0.058463161, 'post_2022_avg': 0.0509310855, 'absolute_change': -0.007532075499999999, 'percent_change': -0.1288345578850928}, {'state': 'Missouri', 'pre_2022': 0.059502736, 'post_2022_avg': 0.053713158999999996, 'absolute_change': -0.005789577000000004, 'percent_change': -0.09729934099164791}, {'state': 'Iowa', 'pre_2022': 0.04275779, 'post_2022_avg': 0.040257005, 'absolute_change': -0.0025007849999999984, 'percent_change': -0.0584872370625329}, {'state': 'Idaho', 'pre_2022': 0.052844329, 'post_2022_avg': 0.050361619499999996, 'absolute_change': -0.0024827095000000063, 'percent_change': -0.04698156920490004}, {'state': 'Mississippi', 'pre_2022': 0.041090657, 'post_2022_avg': 0.039456564, 'absolute_change': -0.0016340930000000031, 'percent_change': -0.03976799397488347}]","[{'state': 'Vermont', 'pre_2022': 0.043600229, 'post_2022_avg': 0.0505582215, 'absolute_change': 0.006957992500000003, 'percent_change': 0.15958614575166574}, {'state': 'Wyoming', 'pre_2022': 0.044873644, 'post_2022_avg': 0.051658801000000004, 'absolute_change': 0.006785157000000007, 'percent_change': 0.1512058392226851}, {'state': 'South Dakota', 'pre_2022': 0.044107727, 'post_2022_avg': 0.049795805, 'absolute_change': 0.005688077999999999, 'percent_change': 0.12895876498011333}, {'state': 'Montana', 'pre_2022': 0.049676212, 'post_2022_avg': 0.0556061745, 'absolute_change': 0.005929962500000004, 'percent_change': 0.1193722762113988}, {'state': 'District of Columbia', 'pre_2022': 0.053634803, 'post_2022_avg': 0.059588316, 'absolute_change': 0.0059535130000000006, 'percent_change': 0.11100092975078142}]"
other_race_victims,count,51,535.0490196078431,42.5,7.9714008964918746,0.12109744560075686,32,19,0,"[{'state': 'Rhode Island', 'pre_2022': 119.0, 'post_2022_avg': 8.5, 'absolute_change': -110.5, 'percent_change': -0.9285714285714286}, {'state': 'Wyoming', 'pre_2022': 17.0, 'post_2022_avg': 2.5, 'absolute_change': -14.5, 'percent_change': -0.8529411764705882}, {'state': 'Alabama', 'pre_2022': 2687.0, 'post_2022_avg': 863.0, 'absolute_change': -1824.0, 'percent_change': -0.6788239672497208}, {'state': 'Iowa', 'pre_2022': 354.0, 'post_2022_avg': 204.5, 'absolute_change': -149.5, 'percent_change': -0.422316384180791}, {'state': 'Maine', 'pre_2022': 180.0, 'post_2022_avg': 107.5, 'absolute_change': -72.5, 'percent_change': -0.4027777777777778}]","[{'state': 'Florida', 'pre_2022': 2.0, 'post_2022_avg': 701.5, 'absolute_change': 699.5, 'percent_change': 349.75}, {'state': 'New York', 'pre_2022': 742.0, 'post_2022_avg': 16718.0, 'absolute_change': 15976.0, 'percent_change': 21.53099730458221}, {'state': 'California', 'pre_2022': 406.0, 'post_2022_avg': 6168.0, 'absolute_change': 5762.0, 'percent_change': 14.192118226600986}, {'state': 'Maryland', 'pre_2022': 204.0, 'post_2022_avg': 1368.0, 'absolute_change': 1164.0, 'percent_change': 5.705882352941177}, {'state': 'Pennsylvania', 'pre_2022': 43.0, 'post_2022_avg': 205.0, 'absolute_change': 162.0, 'percent_change': 3.7674418604651163}]"
poverty_gender_disparity_score,score,51,0.01111891963725488,0.01960066299999985,0.010182791892230788,0.015936505087163037,34,17,0,"[{'state': 'District of Columbia', 'pre_2022': 1.262068966, 'post_2022_avg': 1.0869447939999999, 'absolute_change': -0.17512417200000008, 'percent_change': -0.1387595897829882}, {'state': 'New Hampshire', 'pre_2022': 1.416666667, 'post_2022_avg': 1.3041474654999998, 'absolute_change': -0.11251920150000028, 'percent_change': -0.07942531868719423}, {'state': 'Delaware', 'pre_2022': 1.287128713, 'post_2022_avg': 1.1969294, 'absolute_change': -0.09019931300000006, 'percent_change': -0.07007792778529995}, {'state': 'Utah', 'pre_2022': 1.192307692, 'post_2022_avg': 1.109287607, 'absolute_change': -0.08302008500000002, 'percent_change': -0.0696297487276464}, {'state': 'New Mexico', 'pre_2022': 1.157894737, 'post_2022_avg': 1.120403596, 'absolute_change': -0.03749114099999984, 'percent_change': -0.03237871267740277}]","[{'state': 'South Dakota', 'pre_2022': 1.17699115, 'post_2022_avg': 1.31324712, 'absolute_change': 0.1362559699999999, 'percent_change': 0.11576635049464891}, {'state': 'Connecticut', 'pre_2022': 1.14893617, 'post_2022_avg': 1.2666177905, 'absolute_change': 0.11768162049999997, 'percent_change': 0.10242659563933823}, {'state': 'Nevada', 'pre_2022': 1.136363636, 'post_2022_avg': 1.2089295175, 'absolute_change': 0.0725658815000001, 'percent_change': 0.06385797574043464}, {'state': 'Montana', 'pre_2022': 1.135135135, 'post_2022_avg': 1.2036306635, 'absolute_change': 0.06849552849999996, 'percent_change': 0.060341298923850116}, {'state': 'Rhode Island', 'pre_2022': 1.292929293, 'post_2022_avg': 1.370626003, 'absolute_change': 0.07769670999999989, 'percent_change': 0.060093549137338546}]"
sex_assaults,count,51,-156.95098039215685,-208.5,11.90451155493111,-0.26866096866096867,9,42,0,"[{'state': 'New Hampshire', 'pre_2022': 596.0, 'post_2022_avg': 255.0, 'absolute_change': -341.0, 'percent_change': -0.5721476510067114}, {'state': 'Delaware', 'pre_2022': 234.0, 'post_2022_avg': 105.5, 'absolute_change': -128.5, 'percent_change': -0.5491452991452992}, {'state': 'North Dakota', 'pre_2022': 497.0, 'post_2022_avg': 262.5, 'absolute_change': -234.5, 'percent_change': -0.47183098591549294}, {'state': 'Connecticut', 'pre_2022': 789.0, 'post_2022_avg': 418.5, 'absolute_change': -370.5, 'percent_change': -0.4695817490494297}, {'state': 'Montana', 'pre_2022': 625.0, 'post_2022_avg': 344.5, 'absolute_change': -280.5, 'percent_change': -0.4488}]","[{'state': 'Florida', 'pre_2022': 3.0, 'post_2022_avg': 1839.0, 'absolute_change': 1836.0, 'percent_change': 612.0}, {'state': 'California', 'pre_2022': 1271.0, 'post_2022_avg': 6757.0, 'absolute_change': 5486.0, 'percent_change': 4.316286388670338}, {'state': 'New York', 'pre_2022': 756.0, 'post_2022_avg': 1995.5, 'absolute_change': 1239.5, 'percent_change': 1.6395502645502646}, {'state': 'Pennsylvania', 'pre_2022': 817.0, 'post_2022_avg': 1366.0, 'absolute_change': 549.0, 'percent_change': 0.6719706242350061}, {'state': 'Maryland', 'pre_2022': 767.0, 'post_2022_avg': 1265.5, 'absolute_change': 498.5, 'percent_change': 0.6499348109517601}]"
total_incidents,count,51,8321.29411764706,382.0,5.979201281035461,0.030995089886750614,32,19,0,"[{'state': 'Mississippi', 'pre_2022': 13133.0, 'post_2022_avg': 10387.5, 'absolute_change': -2745.5, 'percent_change': -0.20905352927739282}, {'state': 'Nevada', 'pre_2022': 38397.0, 'post_2022_avg': 35013.5, 'absolute_change': -3383.5, 'percent_change': -0.08811886345287392}, {'state': 'Montana', 'pre_2022': 7383.0, 'post_2022_avg': 6760.5, 'absolute_change': -622.5, 'percent_change': -0.08431531897602601}, {'state': 'Arkansas', 'pre_2022': 29611.0, 'post_2022_avg': 27623.5, 'absolute_change': -1987.5, 'percent_change': -0.06712032690554186}, {'state': 'Maine', 'pre_2022': 4552.0, 'post_2022_avg': 4293.0, 'absolute_change': -259.0, 'percent_change': -0.05689806678383128}]","[{'state': 'Florida', 'pre_2022': 229.0, 'post_2022_avg': 65040.5, 'absolute_change': 64811.5, 'percent_change': 283.01965065502185}, {'state': 'California', 'pre_2022': 15660.0, 'post_2022_avg': 154720.0, 'absolute_change': 139060.0, 'percent_change': 8.879948914431672}, {'state': 'New York', 'pre_2022': 18012.0, 'post_2022_avg': 82894.5, 'absolute_change': 64882.5, 'percent_change': 3.6021818787475017}, {'state': 'New Jersey', 'pre_2022': 8518.0, 'post_2022_avg': 24892.0, 'absolute_change': 16374.0, 'percent_change': 1.9222822258746184}, {'state': 'Maryland', 'pre_2022': 19427.0, 'post_2022_avg': 49583.5, 'absolute_change': 30156.5, 'percent_change': 1.5522983476604726}]"
unemployment_rate,rate,51,-0.015833333333333335,-0.013999999999999999,-0.25272882928116325,-0.25925925925925924,3,48,0,"[{'state': 'Hawaii', 'pre_2022': 0.077, 'post_2022_avg': 0.0345, 'absolute_change': -0.042499999999999996, 'percent_change': -0.5519480519480519}, {'state': 'Nevada', 'pre_2022': 0.097, 'post_2022_avg': 0.0545, 'absolute_change': -0.0425, 'percent_change': -0.4381443298969072}, {'state': 'New York', 'pre_2022': 0.087, 'post_2022_avg': 0.051500000000000004, 'absolute_change': -0.03549999999999999, 'percent_change': -0.40804597701149414}, {'state': 'Maine', 'pre_2022': 0.049, 'post_2022_avg': 0.0295, 'absolute_change': -0.019500000000000003, 'percent_change': -0.39795918367346944}, {'state': 'Massachusetts', 'pre_2022': 0.066, 'post_2022_avg': 0.04, 'absolute_change': -0.026000000000000002, 'percent_change': -0.393939393939394}]","[{'state': 'Nebraska', 'pre_2022': 0.027, 'post_2022_avg': 0.0305, 'absolute_change': 0.0034999999999999996, 'percent_change': 0.12962962962962962}, {'state': 'Idaho', 'pre_2022': 0.033, 'post_2022_avg': 0.0365, 'absolute_change': 0.003499999999999996, 'percent_change': 0.10606060606060594}, {'state': 'Utah', 'pre_2022': 0.035, 'post_2022_avg': 0.035500000000000004, 'absolute_change': 0.0005000000000000004, 'percent_change': 0.014285714285714297}, {'state': 'South Dakota', 'pre_2022': 0.028, 'post_2022_avg': 0.027, 'absolute_change': -0.0010000000000000009, 'percent_change': -0.03571428571428575}, {'state': 'Wyoming', 'pre_2022': 0.037, 'post_2022_avg': 0.033, 'absolute_change': -0.003999999999999997, 'percent_change': -0.10810810810810802}]"
victim_offender_nonmarried_partner,count,51,1134.049019607843,-186.0,9.923571062408937,-0.05471779405428694,17,34,0,"[{'state': 'Mississippi', 'pre_2022': 3264.0, 'post_2022_avg': 2336.0, 'absolute_change': -928.0, 'percent_change': -0.28431372549019607}, {'state': 'Tennessee', 'pre_2022': 19052.0, 'post_2022_avg': 14698.0, 'absolute_change': -4354.0, 'percent_change': -0.22853243753936595}, {'state': 'Kentucky', 'pre_2022': 6585.0, 'post_2022_avg': 5304.0, 'absolute_change': -1281.0, 'percent_change': -0.19453302961275626}, {'state': 'Vermont', 'pre_2022': 519.0, 'post_2022_avg': 418.5, 'absolute_change': -100.5, 'percent_change': -0.1936416184971098}, {'state': 'Montana', 'pre_2022': 2209.0, 'post_2022_avg': 1827.0, 'absolute_change': -382.0, 'percent_change': -0.17292892711634222}]","[{'state': 'Florida', 'pre_2022': 33.0, 'post_2022_avg': 9267.5, 'absolute_change': 9234.5, 'percent_change': 279.8333333333333}, {'state': 'California', 'pre_2022': 165.0, 'post_2022_avg': 36333.5, 'absolute_change': 36168.5, 'percent_change': 219.2030303030303}, {'state': 'New York', 'pre_2022': 4493.0, 'post_2022_avg': 16418.0, 'absolute_change': 11925.0, 'percent_change': 2.6541286445582015}, {'state': 'Maryland', 'pre_2022': 3711.0, 'post_2022_avg': 9669.5, 'absolute_change': 5958.5, 'percent_change': 1.6056319051468606}, {'state': 'New Jersey', 'pre_2022': 3481.0, 'post_2022_avg': 8151.0, 'absolute_change': 4670.0, 'percent_change': 1.3415685147945993}]"
victim_offender_rel_spouse,count,50,617.32,45.75,8.570132779878717,0.03618740534891351,33,17,0,"[{'state': 'Mississippi', 'pre_2022': 1111.0, 'post_2022_avg': 885.0, 'absolute_change': -226.0, 'percent_change': -0.20342034203420342}, {'state': 'Arkansas', 'pre_2022': 2358.0, 'post_2022_avg': 2051.5, 'absolute_change': -306.5, 'percent_change': -0.1299830364715861}, {'state': 'Hawaii', 'pre_2022': 490.0, 'post_2022_avg': 427.5, 'absolute_change': -62.5, 'percent_change': -0.12755102040816327}, {'state': 'Tennessee', 'pre_2022': 6483.0, 'post_2022_avg': 5764.0, 'absolute_change': -719.0, 'percent_change': -0.11090544501002622}, {'state': 'Montana', 'pre_2022': 708.0, 'post_2022_avg': 630.0, 'absolute_change': -78.0, 'percent_change': -0.11016949152542373}]","[{'state': 'Florida', 'pre_2022': 23.0, 'post_2022_avg': 5868.5, 'absolute_change': 5845.5, 'percent_change': 254.15217391304347}, {'state': 'California', 'pre_2022': 91.0, 'post_2022_avg': 15141.5, 'absolute_change': 15050.5, 'percent_change': 165.3901098901099}, {'state': 'Pennsylvania', 'pre_2022': 636.0, 'post_2022_avg': 2128.5, 'absolute_change': 1492.5, 'percent_change': 2.3466981132075473}, {'state': 'New Jersey', 'pre_2022': 873.0, 'post_2022_avg': 2431.5, 'absolute_change': 1558.5, 'percent_change': 1.7852233676975946}, {'state': 'Maryland', 'pre_2022': 1492.0, 'post_2022_avg': 3661.5, 'absolute_change': 2169.5, 'percent_change': 1.454088471849866}]"
victims_age_18_29,count,51,2304.823529411765,-134.5,4.631549938876067,-0.021880570409982175,22,29,0,"[{'state': 'Mississippi', 'pre_2022': 5513.0, 'post_2022_avg': 4223.5, 'absolute_change': -1289.5, 'percent_change': -0.23390168692182114}, {'state': 'Nevada', 'pre_2022': 14343.0, 'post_2022_avg': 11953.0, 'absolute_change': -2390.0, 'percent_change': -0.166631806456111}, {'state': 'Maine', 'pre_2022': 1612.0, 'post_2022_avg': 1363.0, 'absolute_change': -249.0, 'percent_change': -0.15446650124069478}, {'state': 'Rhode Island', 'pre_2022': 1968.0, 'post_2022_avg': 1727.0, 'absolute_change': -241.0, 'percent_change': -0.12245934959349593}, {'state': 'Arkansas', 'pre_2022': 12011.0, 'post_2022_avg': 10577.5, 'absolute_change': -1433.5, 'percent_change': -0.11934893014736492}]","[{'state': 'Florida', 'pre_2022': 102.0, 'post_2022_avg': 22381.0, 'absolute_change': 22279.0, 'percent_change': 218.42156862745097}, {'state': 'California', 'pre_2022': 5793.0, 'post_2022_avg': 54740.0, 'absolute_change': 48947.0, 'percent_change': 8.449335404798894}, {'state': 'New York', 'pre_2022': 7017.0, 'post_2022_avg': 30274.5, 'absolute_change': 23257.5, 'percent_change': 3.314450619923044}, {'state': 'New Jersey', 'pre_2022': 3404.0, 'post_2022_avg': 9037.0, 'absolute_change': 5633.0, 'percent_change': 1.6548178613396005}, {'state': 'Pennsylvania', 'pre_2022': 5412.0, 'post_2022_avg': 12864.0, 'absolute_change': 7452.0, 'percent_change': 1.376940133037694}]"
victims_age_30_39,count,51,2508.901960784314,80.5,5.672813615027301,0.016166281755196306,31,20,0,"[{'state': 'Mississippi', 'pre_2022': 3720.0, 'post_2022_avg': 2846.5, 'absolute_change': -873.5, 'percent_change': -0.23481182795698924}, {'state': 'Montana', 'pre_2022': 2211.0, 'post_2022_avg': 1885.0, 'absolute_change': -326.0, 'percent_change': -0.14744459520578923}, {'state': 'North Dakota', 'pre_2022': 2266.0, 'post_2022_avg': 2046.0, 'absolute_change': -220.0, 'percent_change': -0.0970873786407767}, {'state': 'Arkansas', 'pre_2022': 8542.0, 'post_2022_avg': 7778.0, 'absolute_change': -764.0, 'percent_change': -0.08944041208147975}, {'state': 'Delaware', 'pre_2022': 2851.0, 'post_2022_avg': 2597.5, 'absolute_change': -253.5, 'percent_change': -0.08891616976499474}]","[{'state': 'Florida', 'pre_2022': 70.0, 'post_2022_avg': 18747.5, 'absolute_change': 18677.5, 'percent_change': 266.82142857142856}, {'state': 'California', 'pre_2022': 4381.0, 'post_2022_avg': 45092.5, 'absolute_change': 40711.5, 'percent_change': 9.292741383245835}, {'state': 'New York', 'pre_2022': 5485.0, 'post_2022_avg': 25003.0, 'absolute_change': 19518.0, 'percent_change': 3.558432087511395}, {'state': 'New Jersey', 'pre_2022': 2498.0, 'post_2022_avg': 7527.0, 'absolute_change': 5029.0, 'percent_change': 2.0132105684547636}, {'state': 'Maryland', 'pre_2022': 5452.0, 'post_2022_avg': 14730.5, 'absolute_change': 9278.5, 'percent_change': 1.7018525311812178}]"
victims_age_40_49,count,51,1733.078431372549,362.5,6.203692817265401,0.10448521916411825,46,5,0,"[{'state': 'Mississippi', 'pre_2022': 2125.0, 'post_2022_avg': 1773.0, 'absolute_change': -352.0, 'percent_change': -0.16564705882352943}, {'state': 'Montana', 'pre_2022': 1321.0, 'post_2022_avg': 1275.5, 'absolute_change': -45.5, 'percent_change': -0.034443603330809994}, {'state': 'Tennessee', 'pre_2022': 12845.0, 'post_2022_avg': 12520.0, 'absolute_change': -325.0, 'percent_change': -0.0253016738030362}, {'state': 'Nevada', 'pre_2022': 6515.0, 'post_2022_avg': 6409.0, 'absolute_change': -106.0, 'percent_change': -0.01627014581734459}, {'state': 'Arkansas', 'pre_2022': 4926.0, 'post_2022_avg': 4893.5, 'absolute_change': -32.5, 'percent_change': -0.00659764514819326}]","[{'state': 'Florida', 'pre_2022': 41.0, 'post_2022_avg': 11910.5, 'absolute_change': 11869.5, 'percent_change': 289.5}, {'state': 'California', 'pre_2022': 2628.0, 'post_2022_avg': 27597.0, 'absolute_change': 24969.0, 'percent_change': 9.501141552511415}, {'state': 'New York', 'pre_2022': 2826.0, 'post_2022_avg': 14020.0, 'absolute_change': 11194.0, 'percent_change': 3.9610757254069355}, {'state': 'New Jersey', 'pre_2022': 1361.0, 'post_2022_avg': 4324.0, 'absolute_change': 2963.0, 'percent_change': 2.1770756796473183}, {'state': 'Maryland', 'pre_2022': 2912.0, 'post_2022_avg': 8155.0, 'absolute_change': 5243.0, 'percent_change': 1.8004807692307692}]"
victims_age_50_59,count,51,846.9215686274509,81.0,10.471787880747673,0.04794128860083873,37,13,1,"[{'state': 'Mississippi', 'pre_2022': 1109.0, 'post_2022_avg': 913.5, 'absolute_change': -195.5, 'percent_change': -0.1762849413886384}, {'state': 'Maine', 'pre_2022': 509.0, 'post_2022_avg': 463.0, 'absolute_change': -46.0, 'percent_change': -0.09037328094302555}, {'state': 'Connecticut', 'pre_2022': 1210.0, 'post_2022_avg': 1109.0, 'absolute_change': -101.0, 'percent_change': -0.0834710743801653}, {'state': 'Nevada', 'pre_2022': 3831.0, 'post_2022_avg': 3535.5, 'absolute_change': -295.5, 'percent_change': -0.07713390759592796}, {'state': 'New Hampshire', 'pre_2022': 638.0, 'post_2022_avg': 596.5, 'absolute_change': -41.5, 'percent_change': -0.06504702194357367}]","[{'state': 'Florida', 'pre_2022': 13.0, 'post_2022_avg': 6671.0, 'absolute_change': 6658.0, 'percent_change': 512.1538461538462}, {'state': 'California', 'pre_2022': 1618.0, 'post_2022_avg': 14935.5, 'absolute_change': 13317.5, 'percent_change': 8.230840543881335}, {'state': 'New York', 'pre_2022': 1793.0, 'post_2022_avg': 7950.0, 'absolute_change': 6157.0, 'percent_change': 3.433909648633575}, {'state': 'New Jersey', 'pre_2022': 806.0, 'post_2022_avg': 2370.0, 'absolute_change': 1564.0, 'percent_change': 1.9404466501240696}, {'state': 'Pennsylvania', 'pre_2022': 1320.0, 'post_2022_avg': 3490.5, 'absolute_change': 2170.5, 'percent_change': 1.6443181818181818}]"
victims_age_60_69,count,51,608.7843137254902,180.0,24.495468894458288,0.20833333333333334,48,3,0,"[{'state': 'North Dakota', 'pre_2022': 207.0, 'post_2022_avg': 157.5, 'absolute_change': -49.5, 'percent_change': -0.2391304347826087}, {'state': 'Mississippi', 'pre_2022': 472.0, 'post_2022_avg': 444.5, 'absolute_change': -27.5, 'percent_change': -0.05826271186440678}, {'state': 'Utah', 'pre_2022': 591.0, 'post_2022_avg': 586.0, 'absolute_change': -5.0, 'percent_change': -0.008460236886632826}, {'state': 'West Virginia', 'pre_2022': 432.0, 'post_2022_avg': 442.0, 'absolute_change': 10.0, 'percent_change': 0.023148148148148147}, {'state': 'Oregon', 'pre_2022': 960.0, 'post_2022_avg': 1000.5, 'absolute_change': 40.5, 'percent_change': 0.0421875}]","[{'state': 'Florida', 'pre_2022': 3.0, 'post_2022_avg': 3649.5, 'absolute_change': 3646.5, 'percent_change': 1215.5}, {'state': 'California', 'pre_2022': 800.0, 'post_2022_avg': 7874.5, 'absolute_change': 7074.5, 'percent_change': 8.843125}, {'state': 'New York', 'pre_2022': 635.0, 'post_2022_avg': 4029.5, 'absolute_change': 3394.5, 'percent_change': 5.345669291338583}, {'state': 'New Jersey', 'pre_2022': 315.0, 'post_2022_avg': 1116.5, 'absolute_change': 801.5, 'percent_change': 2.5444444444444443}, {'state': 'Pennsylvania', 'pre_2022': 569.0, 'post_2022_avg': 1735.0, 'absolute_change': 1166.0, 'percent_change': 2.0492091388400704}]"
victims_age_70_79,count,50,213.53,78.0,0.774357501956374,0.2983426340492722,47,3,0,"[{'state': 'Hawaii', 'pre_2022': 110.0, 'post_2022_avg': 90.5, 'absolute_change': -19.5, 'percent_change': -0.17727272727272728}, {'state': 'Alaska', 'pre_2022': 49.0, 'post_2022_avg': 44.5, 'absolute_change': -4.5, 'percent_change': -0.09183673469387756}, {'state': 'Mississippi', 'pre_2022': 152.0, 'post_2022_avg': 143.5, 'absolute_change': -8.5, 'percent_change': -0.05592105263157895}, {'state': 'Nevada', 'pre_2022': 521.0, 'post_2022_avg': 554.0, 'absolute_change': 33.0, 'percent_change': 0.06333973128598848}, {'state': 'Connecticut', 'pre_2022': 126.0, 'post_2022_avg': 136.5, 'absolute_change': 10.5, 'percent_change': 0.08333333333333333}]","[{'state': 'California', 'pre_2022': 303.0, 'post_2022_avg': 3101.0, 'absolute_change': 2798.0, 'percent_change': 9.234323432343235}, {'state': 'New York', 'pre_2022': 200.0, 'post_2022_avg': 1238.5, 'absolute_change': 1038.5, 'percent_change': 5.1925}, {'state': 'New Jersey', 'pre_2022': 91.0, 'post_2022_avg': 359.5, 'absolute_change': 268.5, 'percent_change': 2.9505494505494507}, {'state': 'Pennsylvania', 'pre_2022': 163.0, 'post_2022_avg': 529.5, 'absolute_change': 366.5, 'percent_change': 2.2484662576687118}, {'state': 'Maryland', 'pre_2022': 248.0, 'post_2022_avg': 760.0, 'absolute_change': 512.0, 'percent_change': 2.064516129032258}]"
victims_age_80_plus,count,50,78.01,21.75,0.760030739904689,0.3261501736111111,43,7,0,"[{'state': 'Connecticut', 'pre_2022': 67.0, 'post_2022_avg': 52.0, 'absolute_change': -15.0, 'percent_change': -0.22388059701492538}, {'state': 'South Dakota', 'pre_2022': 33.0, 'post_2022_avg': 26.5, 'absolute_change': -6.5, 'percent_change': -0.19696969696969696}, {'state': 'Hawaii', 'pre_2022': 27.0, 'post_2022_avg': 22.5, 'absolute_change': -4.5, 'percent_change': -0.16666666666666666}, {'state': 'Arkansas', 'pre_2022': 165.0, 'post_2022_avg': 150.5, 'absolute_change': -14.5, 'percent_change': -0.08787878787878788}, {'state': 'Oregon', 'pre_2022': 122.0, 'post_2022_avg': 116.5, 'absolute_change': -5.5, 'percent_change': -0.045081967213114756}]","[{'state': 'California', 'pre_2022': 137.0, 'post_2022_avg': 1379.5, 'absolute_change': 1242.5, 'percent_change': 9.069343065693431}, {'state': 'New York', 'pre_2022': 56.0, 'post_2022_avg': 379.0, 'absolute_change': 323.0, 'percent_change': 5.767857142857143}, {'state': 'New Jersey', 'pre_2022': 43.0, 'post_2022_avg': 158.0, 'absolute_change': 115.0, 'percent_change': 2.6744186046511627}, {'state': 'Pennsylvania', 'pre_2022': 70.0, 'post_2022_avg': 247.0, 'absolute_change': 177.0, 'percent_change': 2.5285714285714285}, {'state': 'District of Columbia', 'pre_2022': 10.0, 'post_2022_avg': 25.0, 'absolute_change': 15.0, 'percent_change': 1.5}]"
white_adj_rate,rate,51,187.83726539419612,23.021845499999927,5.97529406685107,0.024003964009395452,30,21,0,"[{'state': 'Mississippi', 'pre_2022': 882.1319027, 'post_2022_avg': 668.1200581, 'absolute_change': -214.0118445999999, 'percent_change': -0.24260753289271092}, {'state': 'Montana', 'pre_2022': 1425.898299, 'post_2022_avg': 1304.205712, 'absolute_change': -121.692587, 'percent_change': -0.08534450674732168}, {'state': 'Tennessee', 'pre_2022': 2079.24599, 'post_2022_avg': 1902.0858389999999, 'absolute_change': -177.16015100000004, 'percent_change': -0.0852040363920577}, {'state': 'Nevada', 'pre_2022': 4310.521992, 'post_2022_avg': 3988.9828315, 'absolute_change': -321.5391605, 'percent_change': -0.07459401926187875}, {'state': 'Maine', 'pre_2022': 794.3937613, 'post_2022_avg': 736.73029585, 'absolute_change': -57.6634654500001, 'percent_change': -0.07258801397890598}]","[{'state': 'Florida', 'pre_2022': 2.808739446, 'post_2022_avg': 800.48907305, 'absolute_change': 797.680333604, 'percent_change': 283.99940576189704}, {'state': 'California', 'pre_2022': 233.4884149, 'post_2022_avg': 2284.0764945, 'absolute_change': 2050.5880796, 'percent_change': 8.782397535561838}, {'state': 'Pennsylvania', 'pre_2022': 152.2012406, 'post_2022_avg': 541.10362085, 'absolute_change': 388.90238024999996, 'percent_change': 2.555185350112054}, {'state': 'New Jersey', 'pre_2022': 231.398712, 'post_2022_avg': 755.2899996, 'absolute_change': 523.8912875999999, 'percent_change': 2.2640198948039085}, {'state': 'New York', 'pre_2022': 265.752937, 'post_2022_avg': 674.8066764, 'absolute_change': 409.05373940000004, 'percent_change': 1.5392256583038255}]"
white_pop,population,51,-0.012197741803921565,-0.013225603499999905,-0.018915789625979552,-0.018507545508809405,3,48,0,"[{'state': 'Maryland', 'pre_2022': 0.478384151, 'post_2022_avg': 0.45816029049999996, 'absolute_change': -0.020223860500000024, 'percent_change': -0.04227535644256748}, {'state': 'New Jersey', 'pre_2022': 0.521067472, 'post_2022_avg': 0.500554921, 'absolute_change': -0.020512551000000045, 'percent_change': -0.039366400902492035}, {'state': 'California', 'pre_2022': 0.342571262, 'post_2022_avg': 0.329179218, 'absolute_change': -0.013392043999999992, 'percent_change': -0.03909272459637899}, {'state': 'Georgia', 'pre_2022': 0.502263332, 'post_2022_avg': 0.4833345025, 'absolute_change': -0.018928829499999966, 'percent_change': -0.03768706233167737}, {'state': 'Washington', 'pre_2022': 0.643020035, 'post_2022_avg': 0.6195110770000001, 'absolute_change': -0.02350895799999997, 'percent_change': -0.036560226307723}]","[{'state': 'New Mexico', 'pre_2022': 0.349129935, 'post_2022_avg': 0.354972329, 'absolute_change': 0.005842393999999973, 'percent_change': 0.016734153718442887}, {'state': 'District of Columbia', 'pre_2022': 0.364245952, 'post_2022_avg': 0.366827993, 'absolute_change': 0.002582041000000035, 'percent_change': 0.007088729430821609}, {'state': 'Hawaii', 'pre_2022': 0.207793956, 'post_2022_avg': 0.2080314445, 'absolute_change': 0.00023748849999999377, 'percent_change': 0.0011429037907146528}, {'state': 'Missouri', 'pre_2022': 0.765596763, 'post_2022_avg': 0.7634142715, 'absolute_change': -0.00218249150000005, 'percent_change': -0.002850706279697332}, {'state': 'Arizona', 'pre_2022': 0.520081178, 'post_2022_avg': 0.517358446, 'absolute_change': -0.00272273199999995, 'percent_change': -0.005235205800891241}]"
white_victims,count,51,4781.3725490196075,100.0,6.145486594563701,0.02131795296666879,30,21,0,"[{'state': 'Mississippi', 'pre_2022': 5754.0, 'post_2022_avg': 4368.5, 'absolute_change': -1385.5, 'percent_change': -0.2407890163364616}, {'state': 'Tennessee', 'pre_2022': 42095.0, 'post_2022_avg': 39016.5, 'absolute_change': -3078.5, 'percent_change': -0.07313220097398741}, {'state': 'Nevada', 'pre_2022': 23818.0, 'post_2022_avg': 22150.5, 'absolute_change': -1667.5, 'percent_change': -0.07001007641279705}, {'state': 'Arkansas', 'pre_2022': 16568.0, 'post_2022_avg': 15523.0, 'absolute_change': -1045.0, 'percent_change': -0.06307339449541284}, {'state': 'Minnesota', 'pre_2022': 11412.0, 'post_2022_avg': 10745.0, 'absolute_change': -667.0, 'percent_change': -0.05844724851033999}]","[{'state': 'Florida', 'pre_2022': 129.0, 'post_2022_avg': 37895.0, 'absolute_change': 37766.0, 'percent_change': 292.7596899224806}, {'state': 'California', 'pre_2022': 12270.0, 'post_2022_avg': 116646.5, 'absolute_change': 104376.5, 'percent_change': 8.506642216788917}, {'state': 'Pennsylvania', 'pre_2022': 5879.0, 'post_2022_avg': 20746.5, 'absolute_change': 14867.5, 'percent_change': 2.528916482394965}, {'state': 'New Jersey', 'pre_2022': 4492.0, 'post_2022_avg': 14324.0, 'absolute_change': 9832.0, 'percent_change': 2.188780053428317}, {'state': 'New York', 'pre_2022': 11547.0, 'post_2022_avg': 28756.5, 'absolute_change': 17209.5, 'percent_change': 1.4903871135359834}]"
